CountryName,Date,new_cases,Search Index,new_cases_rate,lockdown_rate
Australia,2020-01-26,12.0,1.0,1,1
Australia,2020-02-02,3.0,1.0,0.25,1.00
Australia,2020-02-09,0.0,1.0,0,1.00
Australia,2020-02-16,0.0,0,0,0
Australia,2020-02-23,10.0,1.0,1,1
Australia,2020-03-01,38.0,1.0,3.80,1.00
Australia,2020-03-08,187.0,9.0,4.92,9.00
Australia,2020-03-15,821.0,37.0,4.39,4.11
Australia,2020-03-22,2569.0,77.0,3.13,2.08
Australia,2020-03-29,1910.0,30.0,0.74,0.39
Australia,2020-04-05,753.0,12.0,0.39,0.40
Australia,2020-04-12,265.0,10.0,0.35,0.83
Australia,2020-04-19,126.0,8.0,0.48,0.80
Australia,2020-04-26,105.0,7.0,0.83,0.88
Australia,2020-05-03,140.0,6.0,1.33,0.86
Australia,2020-05-10,105.0,6.0,0.75,1.00
Australia,2020-05-17,70.0,3.0,0.67,0.50
Australia,2020-05-24,78.0,3.0,1.11,1.00
Australia,2020-05-31,67.0,2.0,0.86,0.67
Australia,2020-06-07,61.0,2.0,0.91,1.00
Australia,2020-06-14,141.0,2.0,2.31,1.00
Australia,2020-06-21,225.0,3.0,1.60,1.50
Australia,2020-06-28,757.0,27.0,3.36,9.00
Australia,2020-07-05,1354.0,43.0,1.79,1.59
Australia,2020-07-12,2005.0,18.0,1.48,0.42
Australia,2020-07-19,2601.0,9.0,1.30,0.50
Australia,2020-07-26,3492.0,11.0,1.34,1.22
Australia,2020-08-02,3189.0,25.0,0.91,2.27
Australia,2020-08-09,2203.0,9.0,0.69,0.36
Australia,2020-08-16,1524.0,9.0,0.69,1.00
Australia,2020-08-23,859.0,8.0,0.56,0.89
Australia,2020-08-30,608.0,8.0,0.71,1.00
Australia,2020-09-06,373.0,10.0,0.61,1.25
Australia,2020-09-13,247.0,8.0,0.66,0.80
Australia,2020-09-20,142.0,6.0,0.57,0.75
Australia,2020-09-27,95.0,5.0,0.67,0.83
Australia,2020-10-04,128.0,4.0,1.35,0.80
Australia,2020-10-11,127.0,6.0,0.99,1.50
Australia,2020-10-18,123.0,4.0,0.97,0.67
Australia,2020-10-25,82.0,6.0,0.67,1.50
Australia,2020-11-01,63.0,4.0,0.77,0.67
Australia,2020-11-08,53.0,2.0,0.84,0.50
Australia,2020-11-15,110.0,12.0,2.08,6.00
Australia,2020-11-22,71.0,2.0,0.65,0.17
Australia,2020-11-29,73.0,1.0,1.03,0.50
Australia,2020-12-06,65.0,1.0,0.89,1.00
Australia,2020-12-13,138.0,5.0,2.12,5.00
Australia,2020-12-20,140.0,6.0,1.01,1.20
Australia,2020-12-27,176.0,4.0,1.26,0.67
Australia,2021-01-03,111.0,23.0,0.63,5.75
Australia,2021-01-10,113.0,8.0,1.02,0.35
Australia,2021-01-17,58.0,2.0,0.51,0.25
Australia,2021-01-24,45.0,1.0,0.78,0.50
Australia,2021-01-31,40.0,30.0,0.89,30.00
Australia,2021-02-07,47.0,38.0,1.18,1.27
Australia,2021-02-14,28.0,20.0,0.60,0.53
Australia,2021-02-21,44.0,3.0,1.57,0.15
Australia,2021-02-28,64.0,2.0,1.45,0.67
Australia,2021-03-07,83.0,2.0,1.30,1.00
Australia,2021-03-14,79.0,3.0,0.95,1.50
Australia,2021-03-21,63.0,3.0,0.80,1.00
Australia,2021-03-28,89.0,41.0,1.41,13.67
Australia,2021-04-04,57.0,2.0,0.64,0.05
Australia,2021-04-11,114.0,1.0,2.00,0.50
Australia,2021-04-18,144.0,18.0,1.26,18.00
Australia,2021-04-25,161.0,12.0,1.12,0.67
Australia,2021-05-02,98.0,5.0,0.61,0.42
Australia,2021-05-09,53.0,2.0,0.54,0.40
Australia,2021-05-16,32.0,1.0,0.60,0.50
Australia,2021-05-23,89.0,45.0,2.78,45.00
Australia,2021-05-30,77.0,38.0,0.87,0.84
Australia,2021-06-06,75.0,16.0,0.97,0.42
Australia,2021-06-13,83.0,5.0,1.11,0.31
Australia,2021-06-20,168.0,41.0,2.02,8.20
Australia,2021-06-27,254.0,99.0,1.51,2.41
Australia,2021-07-04,347.0,31.0,1.37,0.31
Australia,2021-07-11,799.0,79.0,2.30,2.55
Australia,2021-07-18,1019.0,75.0,1.28,0.95
Australia,2021-07-25,1465.0,79.0,1.44,1.05
Australia,2021-08-01,1945.0,100.0,1.33,1.27
Australia,2021-08-08,2769.0,89.0,1.42,0.89
Australia,2021-08-15,4929.0,79.0,1.78,0.89
Australia,2021-08-22,7230.0,43.0,1.47,0.54
Australia,2021-08-29,10363.0,42.0,1.43,0.98
Australia,2021-09-05,11984.0,42.0,1.16,1.00
Australia,2021-09-12,12025.0,31.0,1.00,0.74
Australia,2021-09-19,11931.0,35.0,0.99,1.13
Australia,2021-09-26,13829.0,34.0,1.16,0.97
Australia,2021-10-03,16083.0,22.0,1.16,0.65
Australia,2021-10-10,15733.0,18.0,0.98,0.82
Australia,2021-10-17,15342.0,15.0,0.98,0.83
Australia,2021-10-24,12018.0,6.0,0.78,0.40
Australia,2021-10-31,9750.0,4.0,0.81,0.67
Australia,2021-11-07,9294.0,3.0,0.95,0.75
Australia,2021-11-14,8834.0,4.0,0.95,1.33
Australia,2021-11-21,9542.0,3.0,1.08,0.75
Australia,2021-11-28,9852.0,3.0,1.03,1.00
Australia,2021-12-05,11089.0,4.0,1.13,1.33
Australia,2021-12-12,21726.0,4.0,1.96,1.00
Australia,2021-12-19,49943.0,7.0,2.30,1.75
Australia,2021-12-26,162361.0,4.0,3.25,0.57
Australia,2022-01-02,509502.0,9.0,3.14,2.25
Australia,2022-01-09,753659.0,4.0,1.48,0.44
Australia,2022-01-16,470754.0,2.0,0.62,0.50
Australia,2022-01-23,373653.0,1.0,0.79,0.50
Australia,2022-01-30,183593.0,1.0,0.49,1.00
Australia,2022-02-06,175034.0,1.0,0.95,1.00
Australia,2022-02-13,130918.0,1.0,0.75,1.00
Australia,2022-02-20,157479.0,1.0,1.20,1.00
Australia,2022-02-27,173918.0,1.0,1.10,1.00
Australia,2022-03-06,234431.0,1.0,1.35,1.00
Australia,2022-03-13,303672.0,1.0,1.30,1.00
Australia,2022-03-20,375072.0,1.0,1.24,1.00
Australia,2022-03-27,401050.0,1.0,1.07,1.00
Australia,2022-04-03,383382.0,1.0,0.96,1.00
Australia,2022-04-10,249216.0,1.0,0.65,1.00
Brazil,2020-01-26,0.0,0,0,0
Brazil,2020-02-02,0.0,0,0,0
Brazil,2020-02-09,0.0,0,0,0
Brazil,2020-02-16,0.0,0,0,0
Brazil,2020-02-23,2.0,0,1,0
Brazil,2020-03-01,11.0,0,5.50,0
Brazil,2020-03-08,138.0,0,12.55,0
Brazil,2020-03-15,870.0,3.0,6.30,1
Brazil,2020-03-22,2883.0,12.0,3.31,4.00
Brazil,2020-03-29,6456.0,5.0,2.24,0.42
Brazil,2020-04-05,10367.0,3.0,1.61,0.60
Brazil,2020-04-12,15931.0,4.0,1.54,1.33
Brazil,2020-04-19,22666.0,2.0,1.42,0.50
Brazil,2020-04-26,37776.0,18.0,1.67,9.00
Brazil,2020-05-03,58961.0,100.0,1.56,5.56
Brazil,2020-05-10,77450.0,49.0,1.31,0.49
Brazil,2020-05-17,118054.0,40.0,1.52,0.82
Brazil,2020-05-24,151349.0,17.0,1.28,0.42
Brazil,2020-05-31,173979.0,9.0,1.15,0.53
Brazil,2020-06-07,175018.0,9.0,1.01,1.00
Brazil,2020-06-14,254421.0,9.0,1.45,1.00
Brazil,2020-06-21,232020.0,15.0,0.91,1.67
Brazil,2020-06-28,261946.0,29.0,1.13,1.93
Brazil,2020-07-05,263816.0,7.0,1.01,0.24
Brazil,2020-07-12,233669.0,8.0,0.89,1.14
Brazil,2020-07-19,321006.0,8.0,1.37,1.00
Brazil,2020-07-26,312999.0,4.0,0.98,0.50
Brazil,2020-08-02,306405.0,4.0,0.98,1.00
Brazil,2020-08-09,301711.0,3.0,0.98,0.75
Brazil,2020-08-16,266478.0,2.0,0.88,0.67
Brazil,2020-08-23,263484.0,1.0,0.99,0.50
Brazil,2020-08-30,275746.0,1.0,1.05,1.00
Brazil,2020-09-06,193155.0,1.0,0.70,1.00
Brazil,2020-09-13,212174.0,1.0,1.10,1.00
Brazil,2020-09-20,189813.0,1.0,0.89,1.00
Brazil,2020-09-27,188016.0,1.0,0.99,1.00
Brazil,2020-10-04,175539.0,1.0,0.93,1.00
Brazil,2020-10-11,141828.0,2.0,0.81,2.00
Brazil,2020-10-18,158001.0,2.0,1.11,1.00
Brazil,2020-10-25,153421.0,4.0,0.97,2.00
Brazil,2020-11-01,118124.0,4.0,0.77,1.00
Brazil,2020-11-08,195502.0,3.0,1.66,0.75
Brazil,2020-11-15,204746.0,9.0,1.05,3.00
Brazil,2020-11-22,241123.0,6.0,1.18,0.67
Brazil,2020-11-29,283259.0,5.0,1.17,0.83
Brazil,2020-12-06,304265.0,3.0,1.07,0.60
Brazil,2020-12-13,333359.0,4.0,1.10,1.33
Brazil,2020-12-20,251400.0,7.0,0.75,1.75
Brazil,2020-12-27,249783.0,3.0,0.99,0.43
Brazil,2021-01-03,361767.0,6.0,1.45,2.00
Brazil,2021-01-10,379896.0,5.0,1.05,0.83
Brazil,2021-01-17,360828.0,5.0,0.95,1.00
Brazil,2021-01-24,358806.0,5.0,0.99,1.00
Brazil,2021-01-31,322189.0,4.0,0.90,0.80
Brazil,2021-02-07,314475.0,2.0,0.98,0.50
Brazil,2021-02-14,327047.0,8.0,1.04,4.00
Brazil,2021-02-21,380394.0,55.0,1.16,6.88
Brazil,2021-02-28,421775.0,86.0,1.11,1.56
Brazil,2021-03-07,500915.0,52.0,1.19,0.60
Brazil,2021-03-14,511398.0,90.0,1.02,1.73
Brazil,2021-03-21,539839.0,56.0,1.06,0.62
Brazil,2021-03-28,461242.0,26.0,0.85,0.46
Brazil,2021-04-04,492037.0,18.0,1.07,0.69
Brazil,2021-04-11,460227.0,8.0,0.94,0.44
Brazil,2021-04-18,403161.0,4.0,0.88,0.50
Brazil,2021-04-25,418076.0,3.0,1.04,0.75
Brazil,2021-05-02,425079.0,3.0,1.02,1.00
Brazil,2021-05-09,440670.0,2.0,1.04,0.67
Brazil,2021-05-16,456144.0,4.0,1.04,2.00
Brazil,2021-05-23,424543.0,10.0,0.93,2.50
Brazil,2021-05-30,434152.0,8.0,1.02,0.80
Brazil,2021-06-06,471968.0,5.0,1.09,0.62
Brazil,2021-06-13,503215.0,6.0,1.07,1.20
Brazil,2021-06-20,503991.0,3.0,1.00,0.50
Brazil,2021-06-27,355573.0,2.0,0.71,0.67
Brazil,2021-07-04,325967.0,1.0,0.92,0.50
Brazil,2021-07-11,289386.0,1.0,0.89,1.00
Brazil,2021-07-18,310937.0,1.0,1.07,1.00
Brazil,2021-07-25,247125.0,1.0,0.79,1.00
Brazil,2021-08-01,233949.0,1.0,0.95,1.00
Brazil,2021-08-08,198496.0,1.0,0.85,1.00
Brazil,2021-08-15,206682.0,1.0,1.04,1.00
Brazil,2021-08-22,173013.0,1.0,0.84,1.00
Brazil,2021-08-29,147610.0,1.0,0.85,1.00
Brazil,2021-09-05,113659.0,1.0,0.77,1.00
Brazil,2021-09-12,114140.0,1.0,1.00,1.00
Brazil,2021-09-19,123868.0,1.0,1.09,1.00
Brazil,2021-09-26,104369.0,1.0,0.84,1.00
Brazil,2021-10-03,109317.0,0,1.05,0
Brazil,2021-10-10,70423.0,0,0.64,0
Brazil,2021-10-17,86734.0,1.0,1.23,1
Brazil,2021-10-24,79211.0,1.0,0.91,1.00
Brazil,2021-10-31,70402.0,1.0,0.89,1.00
Brazil,2021-11-07,78827.0,1.0,1.12,1.00
Brazil,2021-11-14,58715.0,2.0,0.74,2.00
Brazil,2021-11-21,65394.0,2.0,1.11,1.00
Brazil,2021-11-28,60552.0,1.0,0.93,0.50
Brazil,2021-12-05,49480.0,1.0,0.82,1.00
Brazil,2021-12-12,24247.0,1.0,0.49,1.00
Brazil,2021-12-19,22185.0,1.0,0.91,1.00
Brazil,2021-12-26,57324.0,1.0,2.58,1.00
Brazil,2022-01-02,203904.0,2.0,3.56,2.00
Brazil,2022-01-09,482326.0,3.0,2.37,1.50
Brazil,2022-01-16,949758.0,1.0,1.97,0.33
Brazil,2022-01-23,1324589.0,1.0,1.39,1.00
Brazil,2022-01-30,1228348.0,1.0,0.93,1.00
Brazil,2022-02-06,949740.0,1.0,0.77,1.00
Brazil,2022-02-13,743081.0,1.0,0.78,1.00
Brazil,2022-02-20,572185.0,0,0.77,0
Brazil,2022-02-27,291248.0,0,0.51,0
Brazil,2022-03-06,320224.0,0,1.10,0
Brazil,2022-03-13,263411.0,2.0,0.82,1
Brazil,2022-03-20,214668.0,1.0,0.81,0.50
Brazil,2022-03-27,156472.0,1.0,0.73,1.00
Brazil,2022-04-03,151194.0,1.0,0.97,1.00
Brazil,2022-04-10,87255.0,3.0,0.58,3.00
Canada,2020-01-26,1.0,1.0,1,1
Canada,2020-02-02,4.0,1.0,4.00,1.00
Canada,2020-02-09,1.0,0,0.25,0
Canada,2020-02-16,5.0,1.0,5.00,1
Canada,2020-02-23,19.0,1.0,3.80,1.00
Canada,2020-03-01,65.0,1.0,3.42,1.00
Canada,2020-03-08,355.0,8.0,5.46,8.00
Canada,2020-03-15,1742.0,28.0,4.91,3.50
Canada,2020-03-22,5115.0,28.0,2.94,1.00
Canada,2020-03-29,9100.0,12.0,1.78,0.43
Canada,2020-04-05,9214.0,9.0,1.01,0.75
Canada,2020-04-12,11993.0,8.0,1.30,0.89
Canada,2020-04-19,11879.0,8.0,0.99,1.00
Canada,2020-04-26,10885.0,7.0,0.92,0.88
Canada,2020-05-03,9163.0,6.0,0.84,0.86
Canada,2020-05-10,7942.0,6.0,0.87,1.00
Canada,2020-05-17,7664.0,5.0,0.96,0.83
Canada,2020-05-24,6187.0,3.0,0.81,0.60
Canada,2020-05-31,4468.0,3.0,0.72,1.00
Canada,2020-06-07,3001.0,2.0,0.67,0.67
Canada,2020-06-14,2535.0,2.0,0.84,1.00
Canada,2020-06-21,2324.0,2.0,0.92,1.00
Canada,2020-06-28,2060.0,2.0,0.89,1.00
Canada,2020-07-05,2065.0,2.0,1.00,1.00
Canada,2020-07-12,2983.0,2.0,1.44,1.00
Canada,2020-07-19,3399.0,2.0,1.14,1.00
Canada,2020-07-26,2968.0,1.0,0.87,0.50
Canada,2020-08-02,2512.0,2.0,0.85,2.00
Canada,2020-08-09,2617.0,2.0,1.04,1.00
Canada,2020-08-16,2791.0,1.0,1.07,0.50
Canada,2020-08-23,3223.0,1.0,1.15,1.00
Canada,2020-08-30,4085.0,1.0,1.27,1.00
Canada,2020-09-06,5268.0,2.0,1.29,2.00
Canada,2020-09-13,7201.0,3.0,1.37,1.50
Canada,2020-09-20,10109.0,3.0,1.40,1.00
Canada,2020-09-27,13426.0,5.0,1.33,1.67
Canada,2020-10-04,14958.0,4.0,1.11,0.80
Canada,2020-10-11,16147.0,4.0,1.08,1.00
Canada,2020-10-18,17877.0,3.0,1.11,0.75
Canada,2020-10-25,20490.0,5.0,1.15,1.67
Canada,2020-11-01,26480.0,7.0,1.29,1.40
Canada,2020-11-08,32244.0,13.0,1.22,1.86
Canada,2020-11-15,33977.0,36.0,1.05,2.77
Canada,2020-11-22,39796.0,30.0,1.17,0.83
Canada,2020-11-29,44830.0,12.0,1.13,0.40
Canada,2020-12-06,46127.0,21.0,1.03,1.75
Canada,2020-12-13,48459.0,36.0,1.05,1.71
Canada,2020-12-20,44564.0,100.0,0.92,2.78
Canada,2020-12-27,48075.0,24.0,1.08,0.24
Canada,2021-01-03,60792.0,36.0,1.26,1.50
Canada,2021-01-10,47487.0,48.0,0.78,1.33
Canada,2021-01-17,37892.0,22.0,0.80,0.46
Canada,2021-01-24,31146.0,21.0,0.82,0.95
Canada,2021-01-31,25309.0,23.0,0.81,1.10
Canada,2021-02-07,21849.0,23.0,0.86,1.00
Canada,2021-02-14,20185.0,15.0,0.92,0.65
Canada,2021-02-21,20834.0,11.0,1.03,0.73
Canada,2021-02-28,20863.0,15.0,1.00,1.36
Canada,2021-03-07,22401.0,9.0,1.07,0.60
Canada,2021-03-14,24989.0,10.0,1.12,1.11
Canada,2021-03-21,32135.0,11.0,1.29,1.10
Canada,2021-03-28,39324.0,64.0,1.22,5.82
Canada,2021-04-04,57266.0,42.0,1.46,0.66
Canada,2021-04-11,60968.0,32.0,1.06,0.76
Canada,2021-04-18,57357.0,17.0,0.94,0.53
Canada,2021-04-25,55109.0,17.0,0.96,1.00
Canada,2021-05-02,51382.0,19.0,0.93,1.12
Canada,2021-05-09,42323.0,27.0,0.82,1.42
Canada,2021-05-16,31013.0,14.0,0.73,0.52
Canada,2021-05-23,19870.0,13.0,0.64,0.93
Canada,2021-05-30,13696.0,17.0,0.69,1.31
Canada,2021-06-06,9547.0,7.0,0.70,0.41
Canada,2021-06-13,6792.0,3.0,0.71,0.43
Canada,2021-06-20,4530.0,3.0,0.67,1.00
Canada,2021-06-27,3610.0,3.0,0.80,1.00
Canada,2021-07-04,3235.0,2.0,0.90,0.67
Canada,2021-07-11,2572.0,2.0,0.80,1.00
Canada,2021-07-18,3112.0,2.0,1.21,1.00
Canada,2021-07-25,4983.0,2.0,1.60,1.00
Canada,2021-08-01,7773.0,3.0,1.56,1.50
Canada,2021-08-08,12754.0,3.0,1.64,1.00
Canada,2021-08-15,16811.0,3.0,1.32,1.00
Canada,2021-08-22,20960.0,4.0,1.25,1.33
Canada,2021-08-29,25015.0,3.0,1.19,0.75
Canada,2021-09-05,26318.0,3.0,1.05,1.00
Canada,2021-09-12,31929.0,3.0,1.21,1.00
Canada,2021-09-19,28743.0,2.0,0.90,0.67
Canada,2021-09-26,30831.0,5.0,1.07,2.50
Canada,2021-10-03,26146.0,2.0,0.85,0.40
Canada,2021-10-10,21095.0,1.0,0.81,0.50
Canada,2021-10-17,18981.0,3.0,0.90,3.00
Canada,2021-10-24,16280.0,3.0,0.86,1.00
Canada,2021-10-31,15599.0,2.0,0.96,0.67
Canada,2021-11-07,17927.0,3.0,1.15,1.50
Canada,2021-11-14,17506.0,5.0,0.98,1.67
Canada,2021-11-21,20434.0,3.0,1.17,0.60
Canada,2021-11-28,21184.0,5.0,1.04,1.67
Canada,2021-12-05,27533.0,4.0,1.30,0.80
Canada,2021-12-12,48300.0,10.0,1.75,2.50
Canada,2021-12-19,127052.0,16.0,2.63,1.60
Canada,2021-12-26,242609.0,10.0,1.91,0.62
Canada,2022-01-02,271897.0,17.0,1.12,1.70
Canada,2022-01-09,242701.0,9.0,0.89,0.53
Canada,2022-01-16,158962.0,7.0,0.65,0.78
Canada,2022-01-23,114776.0,4.0,0.72,0.57
Canada,2022-01-30,88753.0,4.0,0.77,1.00
Canada,2022-02-06,69446.0,3.0,0.78,0.75
Canada,2022-02-13,47502.0,2.0,0.68,0.67
Canada,2022-02-20,40113.0,2.0,0.84,1.00
Canada,2022-02-27,43581.0,2.0,1.09,1.00
Canada,2022-03-06,37451.0,2.0,0.86,1.00
Canada,2022-03-13,30782.0,3.0,0.82,1.50
Canada,2022-03-20,47067.0,1.0,1.53,0.33
Canada,2022-03-27,56504.0,3.0,1.20,3.00
Canada,2022-04-03,39228.0,2.0,0.69,0.67
Canada,2022-04-10,82753.0,2.0,2.11,1.00
Cuba,2020-01-26,0.0,14.0,0,1
Cuba,2020-02-02,0.0,0.0,0,0
Cuba,2020-02-09,0.0,0.0,0,0
Cuba,2020-02-16,0.0,0.0,0,0
Cuba,2020-02-23,0.0,0.0,0,0
Cuba,2020-03-01,0.0,0.0,0,0
Cuba,2020-03-08,4.0,0.0,1,0
Cuba,2020-03-15,17.0,67.0,4.25,1
Cuba,2020-03-22,98.0,27.0,5.76,0.40
Cuba,2020-03-29,169.0,27.0,1.72,1.00
Cuba,2020-04-05,332.0,42.0,1.96,1.56
Cuba,2020-04-12,366.0,100.0,1.10,2.38
Cuba,2020-04-19,351.0,70.0,0.96,0.70
Cuba,2020-04-26,274.0,41.0,0.78,0.59
Cuba,2020-05-03,143.0,87.0,0.52,2.12
Cuba,2020-05-10,108.0,39.0,0.76,0.45
Cuba,2020-05-17,69.0,13.0,0.64,0.33
Cuba,2020-05-24,94.0,25.0,1.36,1.92
Cuba,2020-05-31,148.0,0.0,1.57,0
Cuba,2020-06-07,65.0,54.0,0.44,1
Cuba,2020-06-14,71.0,14.0,1.09,0.26
Cuba,2020-06-21,21.0,0.0,0.30,0
Cuba,2020-06-28,39.0,0.0,1.86,0
Cuba,2020-07-05,51.0,0.0,1.31,0
Cuba,2020-07-12,25.0,0.0,0.49,0
Cuba,2020-07-19,33.0,0.0,1.32,0
Cuba,2020-07-26,155.0,0.0,4.70,0
Cuba,2020-08-02,255.0,25.0,1.65,1
Cuba,2020-08-09,404.0,24.0,1.58,0.96
Cuba,2020-08-16,325.0,12.0,0.80,0.50
Cuba,2020-08-23,308.0,0.0,0.95,0
Cuba,2020-08-30,373.0,0.0,1.21,0
Cuba,2020-09-06,355.0,26.0,0.95,1
Cuba,2020-09-13,402.0,13.0,1.13,0.50
Cuba,2020-09-20,357.0,27.0,0.89,2.08
Cuba,2020-09-27,368.0,13.0,1.03,0.48
Cuba,2020-10-04,168.0,13.0,0.46,1.00
Cuba,2020-10-11,222.0,13.0,1.32,1.00
Cuba,2020-10-18,364.0,0.0,1.64,0
Cuba,2020-10-25,353.0,12.0,0.97,1
Cuba,2020-11-01,380.0,9.0,1.08,0.75
Cuba,2020-11-08,301.0,0.0,0.79,0
Cuba,2020-11-15,230.0,13.0,0.76,1
Cuba,2020-11-22,375.0,0.0,1.63,0
Cuba,2020-11-29,541.0,12.0,1.44,1
Cuba,2020-12-06,640.0,0.0,1.18,0
Cuba,2020-12-13,670.0,30.0,1.05,1
Cuba,2020-12-20,1014.0,0.0,1.51,0
Cuba,2020-12-27,1187.0,40.0,1.17,1
Cuba,2021-01-03,1963.0,49.0,1.65,1.23
Cuba,2021-01-10,3313.0,10.0,1.69,0.20
Cuba,2021-01-17,3126.0,10.0,0.94,1.00
Cuba,2021-01-24,5047.0,20.0,1.61,2.00
Cuba,2021-01-31,6337.0,10.0,1.26,0.50
Cuba,2021-02-07,5472.0,10.0,0.86,1.00
Cuba,2021-02-14,6001.0,0.0,1.10,0
Cuba,2021-02-21,5677.0,10.0,0.95,1
Cuba,2021-02-28,5674.0,0.0,1.00,0
Cuba,2021-03-07,5723.0,17.0,1.01,1
Cuba,2021-03-14,5404.0,0.0,0.94,0
Cuba,2021-03-21,5622.0,18.0,1.04,1
Cuba,2021-03-28,6798.0,0.0,1.21,0
Cuba,2021-04-04,7190.0,9.0,1.06,1
Cuba,2021-04-11,6902.0,18.0,0.96,2.00
Cuba,2021-04-18,7844.0,9.0,1.14,0.50
Cuba,2021-04-25,7304.0,19.0,0.93,2.11
Cuba,2021-05-02,7290.0,0.0,1.00,0
Cuba,2021-05-09,8309.0,0.0,1.14,0
Cuba,2021-05-16,8611.0,9.0,1.04,1
Cuba,2021-05-23,8255.0,9.0,0.96,1.00
Cuba,2021-05-30,7744.0,9.0,0.94,1.00
Cuba,2021-06-06,8407.0,18.0,1.09,2.00
Cuba,2021-06-13,10130.0,0.0,1.20,0
Cuba,2021-06-20,13288.0,0.0,1.31,0
Cuba,2021-06-27,21072.0,9.0,1.59,1
Cuba,2021-07-04,30840.0,0.0,1.46,0
Cuba,2021-07-11,44040.0,26.0,1.43,1
Cuba,2021-07-18,48507.0,0.0,1.10,0
Cuba,2021-07-25,60481.0,8.0,1.25,1
Cuba,2021-08-01,64196.0,0.0,1.06,0
Cuba,2021-08-08,60240.0,16.0,0.94,1
Cuba,2021-08-15,64719.0,24.0,1.07,1.50
Cuba,2021-08-22,60410.0,16.0,0.93,0.67
Cuba,2021-08-29,46292.0,0.0,0.77,0
Cuba,2021-09-05,56715.0,16.0,1.23,1
Cuba,2021-09-12,55765.0,0.0,0.98,0
Cuba,2021-09-19,54561.0,8.0,0.98,1
Cuba,2021-09-26,39856.0,16.0,0.73,2.00
Cuba,2021-10-03,27429.0,0.0,0.69,0
Cuba,2021-10-10,17989.0,8.0,0.66,1
Cuba,2021-10-17,11663.0,7.0,0.65,0.88
Cuba,2021-10-24,6894.0,15.0,0.59,2.14
Cuba,2021-10-31,4173.0,15.0,0.61,1.00
Cuba,2021-11-07,2892.0,8.0,0.69,0.53
Cuba,2021-11-14,2082.0,8.0,0.72,1.00
Cuba,2021-11-21,1595.0,8.0,0.77,1.00
Cuba,2021-11-28,935.0,0.0,0.59,0
Cuba,2021-12-05,564.0,0.0,0.60,0
Cuba,2021-12-12,469.0,0.0,0.83,0
Cuba,2021-12-19,572.0,8.0,1.22,1
Cuba,2021-12-26,1866.0,0.0,3.26,0
Cuba,2022-01-02,8214.0,7.0,4.40,1
Cuba,2022-01-09,20944.0,0.0,2.55,0
Cuba,2022-01-16,22973.0,6.0,1.10,1
Cuba,2022-01-23,21238.0,0.0,0.92,0
Cuba,2022-01-30,12378.0,0.0,0.58,0
Cuba,2022-02-06,7614.0,7.0,0.62,1
Cuba,2022-02-13,4923.0,0.0,0.65,0
Cuba,2022-02-20,4000.0,0.0,0.81,0
Cuba,2022-02-27,3717.0,0.0,0.93,0
Cuba,2022-03-06,3755.0,0.0,1.01,0
Cuba,2022-03-13,4457.0,6.0,1.19,1
Cuba,2022-03-20,5675.0,0.0,1.27,0
Cuba,2022-03-27,5491.0,7.0,0.97,1
Cuba,2022-04-03,4382.0,0.0,0.80,0
Cuba,2022-04-10,2329.0,0.0,0.53,0
France,2020-01-26,3.0,1.0,1,1
France,2020-02-02,5.0,1.0,1.67,1.00
France,2020-02-09,1.0,1.0,0.20,1.00
France,2020-02-16,0.0,1.0,0,1.00
France,2020-02-23,88.0,2.0,1,2.00
France,2020-03-01,848.0,1.0,9.64,0.50
France,2020-03-08,3545.0,23.0,4.18,23.00
France,2020-03-15,9951.0,65.0,2.81,2.83
France,2020-03-22,23204.0,46.0,2.33,0.71
France,2020-03-29,26747.0,35.0,1.15,0.76
France,2020-04-05,14150.0,40.0,0.53,1.14
France,2020-04-12,92812.0,44.0,6.56,1.10
France,2020-04-19,12493.0,34.0,0.13,0.77
France,2020-04-26,9986.0,39.0,0.80,1.15
France,2020-05-03,7974.0,36.0,0.80,0.92
France,2020-05-10,3408.0,31.0,0.43,0.86
France,2020-05-17,3135.0,19.0,0.92,0.61
France,2020-05-24,6483.0,20.0,2.07,1.05
France,2020-05-31,6151.0,14.0,0.95,0.70
France,2020-06-07,3454.0,11.0,0.56,0.79
France,2020-06-14,3670.0,10.0,1.06,0.91
France,2020-06-21,3417.0,10.0,0.93,1.00
France,2020-06-28,3513.0,13.0,1.03,1.30
France,2020-07-05,3715.0,13.0,1.06,1.00
France,2020-07-12,3785.0,11.0,1.02,0.85
France,2020-07-19,5842.0,12.0,1.54,1.09
France,2020-07-26,7285.0,12.0,1.25,1.00
France,2020-08-02,10093.0,12.0,1.39,1.00
France,2020-08-09,17475.0,13.0,1.73,1.08
France,2020-08-16,22743.0,9.0,1.30,0.69
France,2020-08-23,34631.0,10.0,1.52,1.11
France,2020-08-30,45047.0,7.0,1.30,0.70
France,2020-09-06,56982.0,10.0,1.26,1.43
France,2020-09-13,67472.0,13.0,1.18,1.30
France,2020-09-20,85310.0,14.0,1.26,1.08
France,2020-09-27,78895.0,12.0,0.92,0.86
France,2020-10-04,112726.0,11.0,1.43,0.92
France,2020-10-11,148284.0,18.0,1.32,1.64
France,2020-10-18,218839.0,20.0,1.48,1.11
France,2020-10-25,281379.0,100.0,1.29,5.00
France,2020-11-01,427902.0,42.0,1.52,0.42
France,2020-11-08,205943.0,23.0,0.48,0.55
France,2020-11-15,172137.0,22.0,0.84,0.96
France,2020-11-22,82001.0,22.0,0.48,1.00
France,2020-11-29,72907.0,16.0,0.89,0.73
France,2020-12-06,83877.0,13.0,1.15,0.81
France,2020-12-13,95305.0,27.0,1.14,2.08
France,2020-12-20,90368.0,18.0,0.95,0.67
France,2020-12-27,92430.0,18.0,1.02,1.00
France,2021-01-03,124081.0,31.0,1.34,1.72
France,2021-01-10,127112.0,26.0,1.02,0.84
France,2021-01-17,141131.0,20.0,1.11,0.77
France,2021-01-24,142698.0,35.0,1.01,1.75
France,2021-01-31,139555.0,17.0,0.98,0.49
France,2021-02-07,131418.0,12.0,0.94,0.71
France,2021-02-14,134647.0,13.0,1.02,1.08
France,2021-02-21,153116.0,18.0,1.14,1.38
France,2021-02-28,146478.0,15.0,0.96,0.83
France,2021-03-07,162911.0,13.0,1.11,0.87
France,2021-03-14,206788.0,37.0,1.27,2.85
France,2021-03-21,256625.0,21.0,1.24,0.57
France,2021-03-28,233454.0,31.0,0.91,1.48
France,2021-04-04,198973.0,13.0,0.85,0.42
France,2021-04-11,319402.0,13.0,1.61,1.00
France,2021-04-18,213430.0,12.0,0.67,0.92
France,2021-04-25,168820.0,13.0,0.79,1.08
France,2021-05-02,125667.0,10.0,0.74,0.77
France,2021-05-09,95880.0,8.0,0.76,0.80
France,2021-05-16,79047.0,8.0,0.82,1.00
France,2021-05-23,64523.0,4.0,0.82,0.50
France,2021-05-30,49381.0,5.0,0.77,1.25
France,2021-06-06,30237.0,6.0,0.61,1.20
France,2021-06-13,17804.0,6.0,0.59,1.00
France,2021-06-20,13041.0,5.0,0.73,0.83
France,2021-06-27,15267.0,7.0,1.17,1.40
France,2021-07-04,24785.0,6.0,1.62,0.86
France,2021-07-11,46929.0,6.0,1.89,1.00
France,2021-07-18,123561.0,7.0,2.63,1.17
France,2021-07-25,148542.0,5.0,1.20,0.71
France,2021-08-01,157971.0,5.0,1.06,1.00
France,2021-08-08,165336.0,5.0,1.05,1.00
France,2021-08-15,152823.0,7.0,0.92,1.40
France,2021-08-22,126795.0,4.0,0.83,0.57
France,2021-08-29,97184.0,4.0,0.77,1.00
France,2021-09-05,71553.0,4.0,0.74,1.00
France,2021-09-12,52248.0,3.0,0.73,0.75
France,2021-09-19,40186.0,3.0,0.77,1.00
France,2021-09-26,33767.0,3.0,0.84,1.00
France,2021-10-03,29244.0,2.0,0.87,0.67
France,2021-10-10,32822.0,3.0,1.12,1.50
France,2021-10-17,35600.0,4.0,1.08,1.33
France,2021-10-24,39717.0,5.0,1.12,1.25
France,2021-10-31,48411.0,4.0,1.22,0.80
France,2021-11-07,66247.0,5.0,1.37,1.25
France,2021-11-14,120091.0,10.0,1.81,2.00
France,2021-11-21,193042.0,9.0,1.61,0.90
France,2021-11-28,286637.0,10.0,1.48,1.11
France,2021-12-05,340003.0,8.0,1.19,0.80
France,2021-12-12,362560.0,12.0,1.07,1.50
France,2021-12-19,511020.0,15.0,1.41,1.25
France,2021-12-26,1103933.0,10.0,2.16,0.67
France,2022-01-02,1624561.0,6.0,1.47,0.60
France,2022-01-09,2082263.0,6.0,1.28,1.00
France,2022-01-16,2498348.0,4.0,1.20,0.67
France,2022-01-23,2418256.0,4.0,0.97,1.00
France,2022-01-30,1794307.0,3.0,0.74,0.75
France,2022-02-06,1019920.0,3.0,0.57,1.00
France,2022-02-13,605662.0,3.0,0.59,1.00
France,2022-02-20,418979.0,2.0,0.69,0.67
France,2022-02-27,365323.0,3.0,0.87,1.50
France,2022-03-06,439805.0,2.0,1.20,0.67
France,2022-03-13,604074.0,3.0,1.37,1.50
France,2022-03-20,863574.0,3.0,1.43,1.00
France,2022-03-27,976700.0,3.0,1.13,1.00
France,2022-04-03,944367.0,3.0,0.97,1.00
France,2022-04-10,607898.0,3.0,0.64,1.00
Germany,2020-01-26,8.0,1.0,1,1
Germany,2020-02-02,5.0,0,0.62,0
Germany,2020-02-09,3.0,0,0.60,0
Germany,2020-02-16,0.0,0,0,0
Germany,2020-02-23,50.0,1.0,1,1
Germany,2020-03-01,618.0,1.0,12.36,1.00
Germany,2020-03-08,3111.0,15.0,5.03,15.00
Germany,2020-03-15,12867.0,29.0,4.14,1.93
Germany,2020-03-22,31920.0,20.0,2.48,0.69
Germany,2020-03-29,37196.0,12.0,1.17,0.60
Germany,2020-04-05,31880.0,14.0,0.86,1.17
Germany,2020-04-12,19781.0,17.0,0.62,1.21
Germany,2020-04-19,14999.0,11.0,0.76,0.65
Germany,2020-04-26,9265.0,12.0,0.62,1.09
Germany,2020-05-03,6848.0,11.0,0.74,0.92
Germany,2020-05-10,5221.0,10.0,0.76,0.91
Germany,2020-05-17,4078.0,7.0,0.78,0.70
Germany,2020-05-24,3346.0,7.0,0.82,1.00
Germany,2020-05-31,2482.0,4.0,0.74,0.57
Germany,2020-06-07,2344.0,5.0,0.94,1.25
Germany,2020-06-14,3113.0,4.0,1.33,0.80
Germany,2020-06-21,4108.0,13.0,1.32,3.25
Germany,2020-06-28,2853.0,6.0,0.69,0.46
Germany,2020-07-05,2460.0,6.0,0.86,1.00
Germany,2020-07-12,2816.0,5.0,1.14,0.83
Germany,2020-07-19,3592.0,4.0,1.28,0.80
Germany,2020-07-26,4689.0,5.0,1.31,1.25
Germany,2020-08-02,5683.0,7.0,1.21,1.40
Germany,2020-08-09,7492.0,7.0,1.32,1.00
Germany,2020-08-16,9254.0,6.0,1.24,0.86
Germany,2020-08-23,8904.0,6.0,0.96,1.00
Germany,2020-08-30,8011.0,5.0,0.90,0.83
Germany,2020-09-06,9483.0,5.0,1.18,1.00
Germany,2020-09-13,11590.0,7.0,1.22,1.40
Germany,2020-09-20,12660.0,7.0,1.09,1.00
Germany,2020-09-27,14228.0,7.0,1.12,1.00
Germany,2020-10-04,22423.0,8.0,1.58,1.14
Germany,2020-10-11,37006.0,14.0,1.65,1.75
Germany,2020-10-18,61618.0,23.0,1.67,1.64
Germany,2020-10-25,100748.0,83.0,1.64,3.61
Germany,2020-11-01,123735.0,30.0,1.23,0.36
Germany,2020-11-08,131068.0,16.0,1.06,0.53
Germany,2020-11-15,128972.0,17.0,0.98,1.06
Germany,2020-11-22,125561.0,16.0,0.97,0.94
Germany,2020-11-29,125467.0,12.0,1.00,0.75
Germany,2020-12-06,146960.0,51.0,1.17,4.25
Germany,2020-12-13,170722.0,100.0,1.16,1.96
Germany,2020-12-20,155865.0,22.0,0.91,0.22
Germany,2020-12-27,128248.0,25.0,0.82,1.14
Germany,2021-01-03,136230.0,59.0,1.06,2.36
Germany,2021-01-10,128055.0,37.0,0.94,0.63
Germany,2021-01-17,103043.0,39.0,0.80,1.05
Germany,2021-01-24,82492.0,18.0,0.80,0.46
Germany,2021-01-31,70223.0,27.0,0.85,1.50
Germany,2021-02-07,53053.0,48.0,0.76,1.78
Germany,2021-02-14,50436.0,18.0,0.95,0.38
Germany,2021-02-21,55563.0,19.0,1.10,1.06
Germany,2021-02-28,57633.0,40.0,1.04,2.11
Germany,2021-03-07,66376.0,13.0,1.15,0.33
Germany,2021-03-14,87328.0,18.0,1.32,1.38
Germany,2021-03-21,109442.0,45.0,1.25,2.50
Germany,2021-03-28,117965.0,19.0,1.08,0.42
Germany,2021-04-04,107223.0,27.0,0.91,1.42
Germany,2021-04-11,142664.0,26.0,1.33,0.96
Germany,2021-04-18,145568.0,22.0,1.02,0.85
Germany,2021-04-25,131887.0,16.0,0.91,0.73
Germany,2021-05-02,107141.0,10.0,0.81,0.62
Germany,2021-05-09,77261.0,11.0,0.72,1.10
Germany,2021-05-16,57310.0,8.0,0.74,0.73
Germany,2021-05-23,33052.0,6.0,0.58,0.75
Germany,2021-05-30,22631.0,5.0,0.68,0.83
Germany,2021-06-06,15553.0,3.0,0.69,0.60
Germany,2021-06-13,7659.0,4.0,0.49,1.33
Germany,2021-06-20,5033.0,3.0,0.66,0.75
Germany,2021-06-27,4181.0,5.0,0.83,1.67
Germany,2021-07-04,5067.0,4.0,1.21,0.80
Germany,2021-07-11,7969.0,4.0,1.57,1.00
Germany,2021-07-18,11122.0,5.0,1.40,1.25
Germany,2021-07-25,14654.0,5.0,1.32,1.00
Germany,2021-08-01,18474.0,4.0,1.26,0.80
Germany,2021-08-08,28646.0,5.0,1.55,1.25
Germany,2021-08-15,44862.0,5.0,1.57,1.00
Germany,2021-08-22,62984.0,4.0,1.40,0.80
Germany,2021-08-29,71057.0,3.0,1.13,0.75
Germany,2021-09-05,75107.0,3.0,1.06,1.00
Germany,2021-09-12,64484.0,3.0,0.86,1.00
Germany,2021-09-19,53825.0,2.0,0.83,0.67
Germany,2021-09-26,57532.0,3.0,1.07,1.50
Germany,2021-10-03,56525.0,2.0,0.98,0.67
Germany,2021-10-10,62446.0,2.0,1.10,1.00
Germany,2021-10-17,87318.0,3.0,1.40,1.50
Germany,2021-10-24,128238.0,4.0,1.47,1.33
Germany,2021-10-31,162827.0,5.0,1.27,1.25
Germany,2021-11-07,244481.0,10.0,1.50,2.00
Germany,2021-11-14,324244.0,25.0,1.33,2.50
Germany,2021-11-21,405080.0,24.0,1.25,0.96
Germany,2021-11-28,398775.0,25.0,0.98,1.04
Germany,2021-12-05,361147.0,10.0,0.91,0.40
Germany,2021-12-12,286971.0,8.0,0.79,0.80
Germany,2021-12-19,217093.0,21.0,0.76,2.62
Germany,2021-12-26,195533.0,10.0,0.90,0.48
Germany,2022-01-02,297070.0,7.0,1.52,0.70
Germany,2022-01-09,439589.0,6.0,1.48,0.86
Germany,2022-01-16,682534.0,4.0,1.55,0.67
Germany,2022-01-23,1022238.0,4.0,1.50,1.00
Germany,2022-01-30,1271172.0,3.0,1.24,0.75
Germany,2022-02-06,1330084.0,2.0,1.05,0.67
Germany,2022-02-13,1225593.0,2.0,0.92,1.00
Germany,2022-02-20,1129751.0,1.0,0.92,0.50
Germany,2022-02-27,1099255.0,2.0,0.97,2.00
Germany,2022-03-06,1320644.0,2.0,1.20,1.00
Germany,2022-03-13,1553481.0,3.0,1.18,1.50
Germany,2022-03-20,1596829.0,1.0,1.03,0.33
Germany,2022-03-27,1408497.0,6.0,0.88,6.00
Germany,2022-04-03,1093702.0,4.0,0.78,0.67
Germany,2022-04-10,692114.0,5.0,0.63,1.25
India,2020-01-26,1.0,0,1,0
India,2020-02-02,2.0,0,2.00,0
India,2020-02-09,0.0,0,0,0
India,2020-02-16,0.0,0,0,0
India,2020-02-23,0.0,0,0,0
India,2020-03-01,31.0,0,1,0
India,2020-03-08,68.0,1.0,2.19,1
India,2020-03-15,228.0,8.0,3.35,8.00
India,2020-03-22,657.0,76.0,2.88,9.50
India,2020-03-29,2095.0,56.0,3.19,0.74
India,2020-04-05,5364.0,100.0,2.56,1.79
India,2020-04-12,7276.0,73.0,1.36,0.73
India,2020-04-19,10561.0,59.0,1.45,0.81
India,2020-04-26,13416.0,96.0,1.27,1.63
India,2020-05-03,23109.0,68.0,1.72,0.71
India,2020-05-10,27840.0,74.0,1.20,1.09
India,2020-05-17,40775.0,83.0,1.46,1.12
India,2020-05-24,50404.0,57.0,1.24,0.69
India,2020-05-31,64795.0,36.0,1.29,0.63
India,2020-06-07,74300.0,42.0,1.15,1.17
India,2020-06-14,89529.0,27.0,1.20,0.64
India,2020-06-21,118408.0,24.0,1.32,0.89
India,2020-06-28,144306.0,33.0,1.22,1.38
India,2020-07-05,176357.0,34.0,1.22,1.03
India,2020-07-12,228259.0,39.0,1.29,1.15
India,2020-07-19,307854.0,29.0,1.35,0.74
India,2020-07-26,365088.0,29.0,1.19,1.00
India,2020-08-02,402287.0,17.0,1.10,0.59
India,2020-08-09,436942.0,12.0,1.09,0.71
India,2020-08-16,454988.0,15.0,1.04,1.25
India,2020-08-23,497793.0,17.0,1.09,1.13
India,2020-08-30,571078.0,15.0,1.15,0.88
India,2020-09-06,640545.0,12.0,1.12,0.80
India,2020-09-13,646263.0,11.0,1.01,0.92
India,2020-09-20,591913.0,11.0,0.92,1.00
India,2020-09-27,556841.0,7.0,0.94,0.64
India,2020-10-04,504433.0,4.0,0.91,0.57
India,2020-10-11,440745.0,3.0,0.87,0.75
India,2020-10-18,370260.0,3.0,0.84,1.00
India,2020-10-25,319271.0,5.0,0.86,1.67
India,2020-11-01,323672.0,5.0,1.01,1.00
India,2020-11-08,306825.0,3.0,0.95,0.60
India,2020-11-15,281227.0,14.0,0.92,4.67
India,2020-11-22,297113.0,20.0,1.06,1.43
India,2020-11-29,251303.0,7.0,0.85,0.35
India,2020-12-06,212807.0,3.0,0.85,0.43
India,2020-12-13,174194.0,3.0,0.82,1.00
India,2020-12-20,156627.0,7.0,0.90,2.33
India,2020-12-27,136115.0,4.0,0.87,0.57
India,2021-01-03,126319.0,3.0,0.93,0.75
India,2021-01-10,107701.0,2.0,0.85,0.67
India,2021-01-17,96548.0,2.0,0.90,1.00
India,2021-01-24,91641.0,3.0,0.95,1.50
India,2021-01-31,80189.0,2.0,0.88,0.67
India,2021-02-07,78577.0,2.0,0.98,1.00
India,2021-02-14,86711.0,8.0,1.10,4.00
India,2021-02-21,105080.0,22.0,1.21,2.75
India,2021-02-28,114068.0,9.0,1.09,0.41
India,2021-03-07,148249.0,12.0,1.30,1.33
India,2021-03-14,240082.0,26.0,1.62,2.17
India,2021-03-21,372494.0,32.0,1.55,1.23
India,2021-03-28,513885.0,26.0,1.38,0.81
India,2021-04-04,873296.0,43.0,1.70,1.65
India,2021-04-11,1429198.0,58.0,1.64,1.35
India,2021-04-18,2172169.0,76.0,1.52,1.31
India,2021-04-25,2597285.0,62.0,1.20,0.82
India,2021-05-02,2738624.0,82.0,1.05,1.32
India,2021-05-09,2387996.0,60.0,0.87,0.73
India,2021-05-16,1846055.0,47.0,0.77,0.78
India,2021-05-23,1364668.0,51.0,0.74,1.09
India,2021-05-30,914539.0,55.0,0.67,1.08
India,2021-06-06,630650.0,39.0,0.69,0.71
India,2021-06-13,441783.0,30.0,0.70,0.77
India,2021-06-20,351411.0,18.0,0.80,0.60
India,2021-06-27,312250.0,19.0,0.89,1.06
India,2021-07-04,291789.0,10.0,0.93,0.53
India,2021-07-11,268843.0,9.0,0.92,0.90
India,2021-07-18,265836.0,6.0,0.99,0.67
India,2021-07-25,283923.0,9.0,1.07,1.50
India,2021-08-01,278631.0,10.0,0.98,1.11
India,2021-08-08,258121.0,7.0,0.93,0.70
India,2021-08-15,231658.0,5.0,0.90,0.71
India,2021-08-22,270796.0,3.0,1.17,0.60
India,2021-08-29,293643.0,4.0,1.08,1.33
India,2021-09-05,248248.0,3.0,0.85,0.75
India,2021-09-12,211242.0,3.0,0.85,1.00
India,2021-09-19,204582.0,2.0,0.97,0.67
India,2021-09-26,161158.0,2.0,0.79,1.00
India,2021-10-03,139572.0,2.0,0.87,1.00
India,2021-10-10,114244.0,1.0,0.82,0.50
India,2021-10-17,107749.0,2.0,0.94,2.00
India,2021-10-24,97832.0,3.0,0.91,1.50
India,2021-10-31,82209.0,2.0,0.84,0.67
India,2021-11-07,81798.0,2.0,1.00,1.00
India,2021-11-14,73106.0,3.0,0.89,1.50
India,2021-11-21,62110.0,2.0,0.85,0.67
India,2021-11-28,51837.0,10.0,0.83,5.00
India,2021-12-05,66150.0,6.0,1.28,0.60
India,2021-12-12,42684.0,3.0,0.65,0.50
India,2021-12-19,53608.0,6.0,1.26,2.00
India,2021-12-26,102330.0,12.0,1.91,2.00
India,2022-01-02,638872.0,33.0,6.24,2.75
India,2022-01-09,1594160.0,17.0,2.50,0.52
India,2022-01-16,2115100.0,10.0,1.33,0.59
India,2022-01-23,1855258.0,5.0,0.88,0.50
India,2022-01-30,1095616.0,3.0,0.59,0.60
India,2022-02-06,443283.0,2.0,0.40,0.67
India,2022-02-13,191052.0,1.0,0.43,0.50
India,2022-02-20,93644.0,1.0,0.49,1.00
India,2022-02-27,46836.0,1.0,0.50,1.00
India,2022-03-06,28038.0,1.0,0.60,1.00
India,2022-03-13,16850.0,2.0,0.60,2.00
India,2022-03-20,11612.0,2.0,0.69,1.00
India,2022-03-27,8678.0,1.0,0.75,0.50
India,2022-04-03,7140.0,1.0,0.82,1.00
India,2022-04-10,4701.0,1.0,0.66,1.00
Iran,2020-01-26,0.0,38.0,0,1
Iran,2020-02-02,0.0,62.0,0,1.63
Iran,2020-02-09,0.0,51.0,0,0.82
Iran,2020-02-16,28.0,48.0,1,0.94
Iran,2020-02-23,565.0,43.0,20.18,0.90
Iran,2020-03-01,5230.0,52.0,9.26,1.21
Iran,2020-03-08,6906.0,53.0,1.32,1.02
Iran,2020-03-15,7881.0,61.0,1.14,1.15
Iran,2020-03-22,14798.0,68.0,1.88,1.11
Iran,2020-03-29,20335.0,66.0,1.37,0.97
Iran,2020-04-05,14286.0,81.0,0.70,1.23
Iran,2020-04-12,10839.0,100.0,0.76,1.23
Iran,2020-04-19,8460.0,87.0,0.78,0.87
Iran,2020-04-26,7120.0,67.0,0.84,0.77
Iran,2020-05-03,9772.0,71.0,1.37,1.06
Iran,2020-05-10,12172.0,74.0,1.25,1.04
Iran,2020-05-17,15129.0,70.0,1.24,0.95
Iran,2020-05-24,15429.0,38.0,1.02,0.54
Iran,2020-05-31,20475.0,59.0,1.33,1.55
Iran,2020-06-07,15530.0,67.0,0.76,1.14
Iran,2020-06-14,17629.0,39.0,1.14,0.58
Iran,2020-06-21,17596.0,49.0,1.00,1.26
Iran,2020-06-28,17698.0,79.0,1.01,1.61
Iran,2020-07-05,17239.0,46.0,0.97,0.58
Iran,2020-07-12,16489.0,50.0,0.96,1.09
Iran,2020-07-19,17233.0,55.0,1.05,1.10
Iran,2020-07-26,17913.0,58.0,1.04,1.05
Iran,2020-08-02,17940.0,27.0,1.00,0.47
Iran,2020-08-09,16378.0,58.0,0.91,2.15
Iran,2020-08-16,15722.0,45.0,0.96,0.78
Iran,2020-08-23,15024.0,47.0,0.96,1.04
Iran,2020-08-30,12850.0,45.0,0.86,0.96
Iran,2020-09-06,15274.0,44.0,1.19,0.98
Iran,2020-09-13,19103.0,55.0,1.25,1.25
Iran,2020-09-20,24043.0,47.0,1.26,0.85
Iran,2020-09-27,25033.0,49.0,1.04,1.04
Iran,2020-10-04,28134.0,43.0,1.12,0.88
Iran,2020-10-11,30237.0,47.0,1.07,1.09
Iran,2020-10-18,36215.0,47.0,1.20,1.00
Iran,2020-10-25,50067.0,40.0,1.38,0.85
Iran,2020-11-01,60478.0,48.0,1.21,1.20
Iran,2020-11-08,76275.0,39.0,1.26,0.81
Iran,2020-11-15,91783.0,69.0,1.20,1.77
Iran,2020-11-22,94491.0,48.0,1.03,0.70
Iran,2020-11-29,93187.0,48.0,0.99,1.00
Iran,2020-12-06,71832.0,46.0,0.77,0.96
Iran,2020-12-13,51254.0,51.0,0.71,1.11
Iran,2020-12-20,42891.0,49.0,0.84,0.96
Iran,2020-12-27,42511.0,30.0,0.99,0.61
Iran,2021-01-03,42964.0,46.0,1.01,1.53
Iran,2021-01-10,43957.0,44.0,1.02,0.96
Iran,2021-01-17,42637.0,44.0,0.97,1.00
Iran,2021-01-24,44699.0,46.0,1.05,1.05
Iran,2021-01-31,47639.0,42.0,1.07,0.91
Iran,2021-02-07,51503.0,40.0,1.08,0.95
Iran,2021-02-14,55208.0,46.0,1.07,1.15
Iran,2021-02-21,57078.0,49.0,1.03,1.07
Iran,2021-02-28,58523.0,44.0,1.03,0.90
Iran,2021-03-07,57678.0,47.0,0.99,1.07
Iran,2021-03-14,54445.0,35.0,0.94,0.74
Iran,2021-03-21,53118.0,52.0,0.98,1.49
Iran,2021-03-28,73471.0,65.0,1.38,1.25
Iran,2021-04-04,128684.0,61.0,1.75,0.94
Iran,2021-04-11,166367.0,72.0,1.29,1.18
Iran,2021-04-18,161594.0,45.0,0.97,0.62
Iran,2021-04-25,139118.0,66.0,0.86,1.47
Iran,2021-05-02,124513.0,47.0,0.90,0.71
Iran,2021-05-09,99205.0,64.0,0.80,1.36
Iran,2021-05-16,84012.0,32.0,0.85,0.50
Iran,2021-05-23,69331.0,44.0,0.83,1.38
Iran,2021-05-30,67533.0,56.0,0.97,1.27
Iran,2021-06-06,59771.0,40.0,0.89,0.71
Iran,2021-06-13,66452.0,51.0,1.11,1.27
Iran,2021-06-20,71009.0,50.0,1.07,0.98
Iran,2021-06-27,83054.0,46.0,1.17,0.92
Iran,2021-07-04,114749.0,52.0,1.38,1.13
Iran,2021-07-11,145293.0,44.0,1.27,0.85
Iran,2021-07-18,163207.0,41.0,1.12,0.93
Iran,2021-07-25,206722.0,70.0,1.27,1.71
Iran,2021-08-01,248102.0,44.0,1.20,0.63
Iran,2021-08-08,269975.0,49.0,1.09,1.11
Iran,2021-08-15,251610.0,53.0,0.93,1.08
Iran,2021-08-22,254753.0,58.0,1.01,1.09
Iran,2021-08-29,208089.0,38.0,0.82,0.66
Iran,2021-09-05,172030.0,40.0,0.83,1.05
Iran,2021-09-12,133293.0,45.0,0.77,1.12
Iran,2021-09-19,110868.0,45.0,0.83,1.00
Iran,2021-09-26,91972.0,43.0,0.83,0.96
Iran,2021-10-03,79934.0,38.0,0.87,0.88
Iran,2021-10-10,81785.0,52.0,1.02,1.37
Iran,2021-10-17,78251.0,39.0,0.96,0.75
Iran,2021-10-24,64541.0,25.0,0.82,0.64
Iran,2021-10-31,64049.0,57.0,0.99,2.28
Iran,2021-11-07,51315.0,29.0,0.80,0.51
Iran,2021-11-14,41523.0,53.0,0.81,1.83
Iran,2021-11-21,32003.0,41.0,0.77,0.77
Iran,2021-11-28,26255.0,40.0,0.82,0.98
Iran,2021-12-05,21168.0,35.0,0.81,0.88
Iran,2021-12-12,16487.0,35.0,0.78,1.00
Iran,2021-12-19,13894.0,47.0,0.84,1.34
Iran,2021-12-26,12498.0,45.0,0.90,0.96
Iran,2022-01-02,9522.0,40.0,0.76,0.89
Iran,2022-01-09,13816.0,43.0,1.45,1.07
Iran,2022-01-16,26605.0,36.0,1.93,0.84
Iran,2022-01-23,76837.0,32.0,2.89,0.89
Iran,2022-01-30,221654.0,44.0,2.88,1.38
Iran,2022-02-06,236616.0,48.0,1.07,1.09
Iran,2022-02-13,145032.0,48.0,0.61,1.00
Iran,2022-02-20,105458.0,46.0,0.73,0.96
Iran,2022-02-27,53363.0,35.0,0.51,0.76
Iran,2022-03-06,35457.0,35.0,0.66,1.00
Iran,2022-03-13,19454.0,41.0,0.55,1.17
Iran,2022-03-20,9572.0,44.0,0.49,1.07
Iran,2022-03-27,17582.0,40.0,1.84,0.91
Iran,2022-04-03,22378.0,53.0,1.27,1.32
Iran,2022-04-10,13306.0,59.0,0.59,1.11
Italy,2020-01-26,2.0,0,1,0
Italy,2020-02-02,1.0,0,0.50,0
Italy,2020-02-09,0.0,0,0,0
Italy,2020-02-16,59.0,0,1,0
Italy,2020-02-23,1066.0,1.0,18.07,1
Italy,2020-03-01,4755.0,0,4.46,0
Italy,2020-03-08,15274.0,4.0,3.21,1
Italy,2020-03-15,32421.0,3.0,2.12,0.75
Italy,2020-03-22,38894.0,6.0,1.20,2.00
Italy,2020-03-29,32160.0,6.0,0.83,1.00
Italy,2020-04-05,27639.0,13.0,0.86,2.17
Italy,2020-04-12,23654.0,11.0,0.86,0.85
Italy,2020-04-19,19426.0,10.0,0.82,0.91
Italy,2020-04-26,13977.0,10.0,0.72,1.00
Italy,2020-05-03,8940.0,8.0,0.64,0.80
Italy,2020-05-10,6492.0,6.0,0.73,0.75
Italy,2020-05-17,4567.0,8.0,0.70,1.33
Italy,2020-05-24,3337.0,6.0,0.73,0.75
Italy,2020-05-31,2137.0,5.0,0.64,0.83
Italy,2020-06-07,1850.0,5.0,0.87,1.00
Italy,2020-06-14,1772.0,4.0,0.96,0.80
Italy,2020-06-21,1861.0,5.0,1.05,1.25
Italy,2020-06-28,1283.0,4.0,0.69,0.80
Italy,2020-07-05,1408.0,5.0,1.10,1.25
Italy,2020-07-12,1389.0,5.0,0.99,1.00
Italy,2020-07-19,1648.0,5.0,1.19,1.00
Italy,2020-07-26,1968.0,6.0,1.19,1.20
Italy,2020-08-02,2271.0,6.0,1.15,1.00
Italy,2020-08-09,3335.0,8.0,1.47,1.33
Italy,2020-08-16,4698.0,10.0,1.41,1.25
Italy,2020-08-23,8717.0,7.0,1.86,0.70
Italy,2020-08-30,9485.0,5.0,1.09,0.71
Italy,2020-09-06,9959.0,7.0,1.05,1.40
Italy,2020-09-13,10272.0,8.0,1.03,1.14
Italy,2020-09-20,11535.0,8.0,1.12,1.00
Italy,2020-09-27,14647.0,9.0,1.27,1.12
Italy,2020-10-04,26743.0,17.0,1.83,1.89
Italy,2020-10-11,53042.0,26.0,1.98,1.53
Italy,2020-10-18,101973.0,53.0,1.92,2.04
Italy,2020-10-25,174921.0,100.0,1.72,1.89
Italy,2020-11-01,223060.0,74.0,1.28,0.74
Italy,2020-11-08,242062.0,62.0,1.09,0.84
Italy,2020-11-15,235979.0,17.0,0.97,0.27
Italy,2020-11-22,184001.0,7.0,0.78,0.41
Italy,2020-11-29,145459.0,4.0,0.79,0.57
Italy,2020-12-06,115784.0,3.0,0.80,0.75
Italy,2020-12-13,112308.0,35.0,0.97,11.67
Italy,2020-12-20,100676.0,11.0,0.90,0.31
Italy,2020-12-27,102442.0,7.0,1.02,0.64
Italy,2021-01-03,116665.0,8.0,1.14,1.14
Italy,2021-01-10,110867.0,8.0,0.95,1.00
Italy,2021-01-17,86452.0,4.0,0.78,0.50
Italy,2021-01-24,86598.0,4.0,1.00,1.00
Italy,2021-01-31,83315.0,4.0,0.96,1.00
Italy,2021-02-07,85721.0,3.0,1.03,0.75
Italy,2021-02-14,84977.0,42.0,0.99,14.00
Italy,2021-02-21,112029.0,15.0,1.32,0.36
Italy,2021-02-28,138937.0,9.0,1.24,0.60
Italy,2021-03-07,155076.0,46.0,1.12,5.11
Italy,2021-03-14,154493.0,9.0,1.00,0.20
Italy,2021-03-21,156122.0,7.0,1.01,0.78
Italy,2021-03-28,137794.0,6.0,0.88,0.86
Italy,2021-04-04,103830.0,3.0,0.75,0.50
Italy,2021-04-11,103366.0,3.0,1.00,1.00
Italy,2021-04-18,92074.0,2.0,0.89,0.67
Italy,2021-04-25,86100.0,2.0,0.94,1.00
Italy,2021-05-02,67304.0,2.0,0.78,1.00
Italy,2021-05-09,50453.0,1.0,0.75,0.50
Italy,2021-05-16,34816.0,1.0,0.69,1.00
Italy,2021-05-23,24865.0,1.0,0.71,1.00
Italy,2021-05-30,17098.0,1.0,0.69,1.00
Italy,2021-06-06,13329.0,1.0,0.78,1.00
Italy,2021-06-13,8613.0,1.0,0.65,1.00
Italy,2021-06-20,5194.0,1.0,0.60,1.00
Italy,2021-06-27,5222.0,3.0,1.01,3.00
Italy,2021-07-04,7374.0,2.0,1.41,0.67
Italy,2021-07-11,14447.0,3.0,1.96,1.50
Italy,2021-07-18,28341.0,3.0,1.96,1.00
Italy,2021-07-25,37355.0,2.0,1.32,0.67
Italy,2021-08-01,40656.0,2.0,1.09,1.00
Italy,2021-08-08,44324.0,1.0,1.09,0.50
Italy,2021-08-15,43683.0,1.0,0.99,1.00
Italy,2021-08-22,45601.0,1.0,1.04,1.00
Italy,2021-08-29,41834.0,1.0,0.92,1.00
Italy,2021-09-05,35623.0,2.0,0.85,2.00
Italy,2021-09-12,30526.0,1.0,0.86,0.50
Italy,2021-09-19,24940.0,1.0,0.82,1.00
Italy,2021-09-26,21852.0,1.0,0.88,1.00
Italy,2021-10-03,18971.0,1.0,0.87,1.00
Italy,2021-10-10,17426.0,1.0,0.92,1.00
Italy,2021-10-17,21998.0,2.0,1.26,2.00
Italy,2021-10-24,29978.0,3.0,1.36,1.50
Italy,2021-10-31,34785.0,4.0,1.16,1.33
Italy,2021-11-07,50271.0,5.0,1.45,1.25
Italy,2021-11-14,63485.0,10.0,1.26,2.00
Italy,2021-11-21,78910.0,6.0,1.24,0.60
Italy,2021-11-28,99181.0,4.0,1.26,0.67
Italy,2021-12-05,112233.0,3.0,1.13,0.75
Italy,2021-12-12,158547.0,4.0,1.41,1.33
Italy,2021-12-19,257579.0,9.0,1.62,2.25
Italy,2021-12-26,644508.0,13.0,2.50,1.44
Italy,2022-01-02,1014358.0,5.0,1.57,0.38
Italy,2022-01-09,1268153.0,3.0,1.25,0.60
Italy,2022-01-16,1231741.0,2.0,0.97,0.67
Italy,2022-01-23,1040184.0,1.0,0.84,0.50
Italy,2022-01-30,721418.0,1.0,0.69,1.00
Italy,2022-02-06,510537.0,1.0,0.71,1.00
Italy,2022-02-13,374443.0,1.0,0.73,1.00
Italy,2022-02-20,304907.0,1.0,0.81,1.00
Italy,2022-02-27,257543.0,0,0.84,0
Italy,2022-03-06,332956.0,1.0,1.29,1
Italy,2022-03-13,477000.0,2.0,1.43,2.00
Italy,2022-03-20,503932.0,1.0,1.06,0.50
Italy,2022-03-27,486695.0,1.0,0.97,1.00
Italy,2022-04-03,447322.0,1.0,0.92,1.00
Italy,2022-04-10,294884.0,2.0,0.66,2.00
Mexico,2020-01-26,0.0,3.0,0,1
Mexico,2020-02-02,0.0,5.0,0,1.67
Mexico,2020-02-09,0.0,4.0,0,0.80
Mexico,2020-02-16,0.0,4.0,0,1.00
Mexico,2020-02-23,4.0,5.0,1,1.25
Mexico,2020-03-01,2.0,6.0,0.50,1.20
Mexico,2020-03-08,35.0,19.0,17.50,3.17
Mexico,2020-03-15,210.0,60.0,6.00,3.16
Mexico,2020-03-22,597.0,58.0,2.84,0.97
Mexico,2020-03-29,1042.0,50.0,1.75,0.86
Mexico,2020-04-05,2329.0,72.0,2.24,1.44
Mexico,2020-04-12,3278.0,100.0,1.41,1.39
Mexico,2020-04-19,6345.0,88.0,1.94,0.88
Mexico,2020-04-26,8246.0,79.0,1.30,0.90
Mexico,2020-05-03,11372.0,74.0,1.38,0.94
Mexico,2020-05-10,13684.0,82.0,1.20,1.11
Mexico,2020-05-17,18712.0,74.0,1.37,0.90
Mexico,2020-05-24,21656.0,61.0,1.16,0.82
Mexico,2020-05-31,26107.0,55.0,1.21,0.90
Mexico,2020-06-07,29071.0,51.0,1.11,0.93
Mexico,2020-06-14,32512.0,39.0,1.12,0.76
Mexico,2020-06-21,37600.0,34.0,1.16,0.87
Mexico,2020-06-28,39363.0,38.0,1.05,1.12
Mexico,2020-07-05,43103.0,34.0,1.10,0.89
Mexico,2020-07-12,43645.0,41.0,1.01,1.21
Mexico,2020-07-19,46123.0,38.0,1.06,0.93
Mexico,2020-07-26,49157.0,30.0,1.07,0.79
Mexico,2020-08-02,41709.0,24.0,0.85,0.80
Mexico,2020-08-09,41812.0,22.0,1.00,0.92
Mexico,2020-08-16,38502.0,25.0,0.92,1.14
Mexico,2020-08-23,35496.0,63.0,0.92,2.52
Mexico,2020-08-30,37697.0,47.0,1.06,0.75
Mexico,2020-09-06,34564.0,44.0,0.92,0.94
Mexico,2020-09-13,30148.0,23.0,0.87,0.52
Mexico,2020-09-20,32310.0,33.0,1.07,1.43
Mexico,2020-09-27,31522.0,25.0,0.98,0.76
Mexico,2020-10-04,56375.0,26.0,1.79,1.04
Mexico,2020-10-11,32780.0,37.0,0.58,1.42
Mexico,2020-10-18,39692.0,34.0,1.21,0.92
Mexico,2020-10-25,38162.0,58.0,0.96,1.71
Mexico,2020-11-01,36976.0,36.0,0.97,0.62
Mexico,2020-11-08,41315.0,29.0,1.12,0.81
Mexico,2020-11-15,29435.0,27.0,0.71,0.93
Mexico,2020-11-22,68715.0,25.0,2.33,0.93
Mexico,2020-11-29,66992.0,23.0,0.97,0.92
Mexico,2020-12-06,73041.0,28.0,1.09,1.22
Mexico,2020-12-13,72239.0,28.0,0.99,1.00
Mexico,2020-12-20,63542.0,29.0,0.88,1.04
Mexico,2020-12-27,66327.0,33.0,1.04,1.14
Mexico,2021-01-03,80492.0,41.0,1.21,1.24
Mexico,2021-01-10,106222.0,33.0,1.32,0.80
Mexico,2021-01-17,122089.0,28.0,1.15,0.85
Mexico,2021-01-24,104883.0,29.0,0.86,1.04
Mexico,2021-01-31,68850.0,21.0,0.66,0.72
Mexico,2021-02-07,62615.0,21.0,0.91,1.00
Mexico,2021-02-14,49581.0,18.0,0.79,0.86
Mexico,2021-02-21,45852.0,20.0,0.92,1.11
Mexico,2021-02-28,41738.0,21.0,0.91,1.05
Mexico,2021-03-07,38009.0,22.0,0.91,1.05
Mexico,2021-03-14,29764.0,27.0,0.78,1.23
Mexico,2021-03-21,31265.0,28.0,1.05,1.04
Mexico,2021-03-28,24291.0,19.0,0.78,0.68
Mexico,2021-04-04,29225.0,16.0,1.20,0.84
Mexico,2021-04-11,25676.0,19.0,0.88,1.19
Mexico,2021-04-18,22642.0,17.0,0.88,0.89
Mexico,2021-04-25,21042.0,14.0,0.93,0.82
Mexico,2021-05-02,16837.0,12.0,0.80,0.86
Mexico,2021-05-09,16073.0,12.0,0.95,1.00
Mexico,2021-05-16,14640.0,18.0,0.91,1.50
Mexico,2021-05-23,16173.0,19.0,1.10,1.06
Mexico,2021-05-30,20199.0,20.0,1.25,1.05
Mexico,2021-06-06,20767.0,14.0,1.03,0.70
Mexico,2021-06-13,19272.0,16.0,0.93,1.14
Mexico,2021-06-20,31667.0,13.0,1.64,0.81
Mexico,2021-06-27,34049.0,13.0,1.08,1.00
Mexico,2021-07-04,49264.0,11.0,1.45,0.85
Mexico,2021-07-11,67978.0,10.0,1.38,0.91
Mexico,2021-07-18,87284.0,13.0,1.28,1.30
Mexico,2021-07-25,106269.0,10.0,1.22,0.77
Mexico,2021-08-01,115992.0,19.0,1.09,1.90
Mexico,2021-08-08,127727.0,11.0,1.10,0.58
Mexico,2021-08-15,125444.0,15.0,0.98,1.36
Mexico,2021-08-22,111448.0,15.0,0.89,1.00
Mexico,2021-08-29,92017.0,29.0,0.83,1.93
Mexico,2021-09-05,85863.0,24.0,0.93,0.83
Mexico,2021-09-12,46240.0,20.0,0.54,0.83
Mexico,2021-09-19,66132.0,13.0,1.43,0.65
Mexico,2021-09-26,59865.0,14.0,0.91,1.08
Mexico,2021-10-03,35412.0,12.0,0.59,0.86
Mexico,2021-10-10,40671.0,10.0,1.15,0.83
Mexico,2021-10-17,26598.0,10.0,0.65,1.00
Mexico,2021-10-24,24104.0,12.0,0.91,1.20
Mexico,2021-10-31,19639.0,11.0,0.81,0.92
Mexico,2021-11-07,16257.0,13.0,0.83,1.18
Mexico,2021-11-14,17170.0,19.0,1.06,1.46
Mexico,2021-11-21,21005.0,24.0,1.22,1.26
Mexico,2021-11-28,17616.0,14.0,0.84,0.58
Mexico,2021-12-05,17254.0,10.0,0.98,0.71
Mexico,2021-12-12,15309.0,12.0,0.89,1.20
Mexico,2021-12-19,20185.0,17.0,1.32,1.42
Mexico,2021-12-26,38716.0,10.0,1.92,0.59
Mexico,2022-01-02,124873.0,23.0,3.23,2.30
Mexico,2022-01-09,235393.0,18.0,1.89,0.78
Mexico,2022-01-16,246407.0,13.0,1.05,0.72
Mexico,2022-01-23,320554.0,12.0,1.30,0.92
Mexico,2022-01-30,225148.0,9.0,0.70,0.75
Mexico,2022-02-06,142561.0,9.0,0.63,1.00
Mexico,2022-02-13,123859.0,7.0,0.87,0.78
Mexico,2022-02-20,94875.0,6.0,0.77,0.86
Mexico,2022-02-27,51806.0,5.0,0.55,0.83
Mexico,2022-03-06,51244.0,6.0,0.99,1.20
Mexico,2022-03-13,24178.0,17.0,0.47,2.83
Mexico,2022-03-20,17227.0,11.0,0.71,0.65
Mexico,2022-03-27,18335.0,13.0,1.06,1.18
Mexico,2022-04-03,57220.0,10.0,3.12,0.77
Mexico,2022-04-10,2479.0,12.0,0.04,1.20
Poland,2020-01-26,0.0,1.0,0,1
Poland,2020-02-02,0.0,0,0,0
Poland,2020-02-09,0.0,0,0,0
Poland,2020-02-16,0.0,0,0,0
Poland,2020-02-23,0.0,1.0,0,1
Poland,2020-03-01,5.0,2.0,1,2.00
Poland,2020-03-08,98.0,100.0,19.60,50.00
Poland,2020-03-15,433.0,19.0,4.42,0.19
Poland,2020-03-22,1102.0,13.0,2.55,0.68
Poland,2020-03-29,1989.0,7.0,1.80,0.54
Poland,2020-04-05,2729.0,7.0,1.37,1.00
Poland,2020-04-12,2386.0,5.0,0.87,0.71
Poland,2020-04-19,2531.0,6.0,1.06,1.20
Poland,2020-04-26,2102.0,4.0,0.83,0.67
Poland,2020-05-03,2276.0,3.0,1.08,0.75
Poland,2020-05-10,2606.0,6.0,1.14,2.00
Poland,2020-05-17,2674.0,3.0,1.03,0.50
Poland,2020-05-24,2640.0,3.0,0.99,1.00
Poland,2020-05-31,2415.0,2.0,0.91,0.67
Poland,2020-06-07,3031.0,4.0,1.26,2.00
Poland,2020-06-14,2603.0,2.0,0.86,0.50
Poland,2020-06-21,2094.0,3.0,0.80,1.50
Poland,2020-06-28,2005.0,2.0,0.96,0.67
Poland,2020-07-05,1802.0,3.0,0.90,1.50
Poland,2020-07-12,2225.0,3.0,1.23,1.00
Poland,2020-07-19,2876.0,3.0,1.29,1.00
Poland,2020-07-26,3724.0,6.0,1.29,2.00
Poland,2020-08-02,4821.0,5.0,1.29,0.83
Poland,2020-08-09,4923.0,3.0,1.02,0.60
Poland,2020-08-16,5091.0,4.0,1.03,1.33
Poland,2020-08-23,5058.0,6.0,0.99,1.50
Poland,2020-08-30,4148.0,7.0,0.82,1.17
Poland,2020-09-06,3263.0,4.0,0.79,0.57
Poland,2020-09-13,4680.0,7.0,1.43,1.75
Poland,2020-09-20,7650.0,8.0,1.63,1.14
Poland,2020-09-27,12160.0,9.0,1.59,1.12
Poland,2020-10-04,23498.0,27.0,1.93,3.00
Poland,2020-10-11,45592.0,33.0,1.94,1.22
Poland,2020-10-18,74716.0,27.0,1.64,0.82
Poland,2020-10-25,120785.0,78.0,1.62,2.89
Poland,2020-11-01,158909.0,73.0,1.32,0.94
Poland,2020-11-08,169478.0,26.0,1.07,0.36
Poland,2020-11-15,152357.0,9.0,0.90,0.35
Poland,2020-11-22,130118.0,4.0,0.85,0.44
Poland,2020-11-29,80680.0,4.0,0.62,1.00
Poland,2020-12-06,72427.0,4.0,0.90,1.00
Poland,2020-12-13,67410.0,26.0,0.93,6.50
Poland,2020-12-20,59847.0,12.0,0.89,0.46
Poland,2020-12-27,58823.0,9.0,0.98,0.75
Poland,2021-01-03,63609.0,11.0,1.08,1.22
Poland,2021-01-10,53223.0,9.0,0.84,0.82
Poland,2021-01-17,41267.0,7.0,0.78,0.78
Poland,2021-01-24,37795.0,6.0,0.92,0.86
Poland,2021-01-31,36856.0,4.0,0.98,0.67
Poland,2021-02-07,38091.0,4.0,1.03,1.00
Poland,2021-02-14,48106.0,5.0,1.26,1.25
Poland,2021-02-21,65158.0,9.0,1.35,1.80
Poland,2021-02-28,84460.0,9.0,1.30,1.00
Poland,2021-03-07,108015.0,14.0,1.28,1.56
Poland,2021-03-14,147340.0,52.0,1.36,3.71
Poland,2021-03-21,185025.0,51.0,1.26,0.98
Poland,2021-03-28,193859.0,11.0,1.05,0.22
Poland,2021-04-04,137314.0,16.0,0.71,1.45
Poland,2021-04-11,122976.0,13.0,0.90,0.81
Poland,2021-04-18,75758.0,9.0,0.62,0.69
Poland,2021-04-25,46985.0,6.0,0.62,0.67
Poland,2021-05-02,30579.0,3.0,0.65,0.50
Poland,2021-05-09,22715.0,3.0,0.74,1.00
Poland,2021-05-16,12635.0,2.0,0.56,0.67
Poland,2021-05-23,6825.0,2.0,0.54,1.00
Poland,2021-05-30,3453.0,2.0,0.51,1.00
Poland,2021-06-06,2419.0,2.0,0.70,1.00
Poland,2021-06-13,1391.0,1.0,0.58,0.50
Poland,2021-06-20,935.0,2.0,0.67,2.00
Poland,2021-06-27,646.0,3.0,0.69,1.50
Poland,2021-07-04,540.0,3.0,0.84,1.00
Poland,2021-07-11,600.0,3.0,1.11,1.00
Poland,2021-07-18,711.0,4.0,1.19,1.33
Poland,2021-07-25,873.0,3.0,1.23,0.75
Poland,2021-08-01,1037.0,3.0,1.19,1.00
Poland,2021-08-08,1209.0,3.0,1.17,1.00
Poland,2021-08-15,1328.0,3.0,1.10,1.00
Poland,2021-08-22,1515.0,2.0,1.14,0.67
Poland,2021-08-29,2133.0,3.0,1.41,1.50
Poland,2021-09-05,3012.0,3.0,1.41,1.00
Poland,2021-09-12,4222.0,5.0,1.40,1.67
Poland,2021-09-19,5196.0,5.0,1.23,1.00
Poland,2021-09-26,7185.0,4.0,1.38,0.80
Poland,2021-10-03,11098.0,4.0,1.54,1.00
Poland,2021-10-10,16195.0,4.0,1.46,1.00
Poland,2021-10-17,31131.0,5.0,1.92,1.25
Poland,2021-10-24,49900.0,8.0,1.60,1.60
Poland,2021-10-31,73613.0,6.0,1.48,0.75
Poland,2021-11-07,98354.0,5.0,1.34,0.83
Poland,2021-11-14,136397.0,10.0,1.39,2.00
Poland,2021-11-21,160790.0,8.0,1.18,0.80
Poland,2021-11-28,161773.0,6.0,1.01,0.75
Poland,2021-12-05,159771.0,7.0,0.99,1.17
Poland,2021-12-12,134066.0,4.0,0.84,0.57
Poland,2021-12-19,100721.0,5.0,0.75,1.25
Poland,2021-12-26,76663.0,3.0,0.76,0.60
Poland,2022-01-02,81842.0,5.0,1.07,1.67
Poland,2022-01-09,96285.0,3.0,1.18,0.60
Poland,2022-01-16,185720.0,3.0,1.93,1.00
Poland,2022-01-23,320295.0,4.0,1.72,1.33
Poland,2022-01-30,324690.0,2.0,1.01,0.50
Poland,2022-02-06,250471.0,1.0,0.77,0.50
Poland,2022-02-13,160751.0,1.0,0.64,1.00
Poland,2022-02-20,111294.0,1.0,0.69,1.00
Poland,2022-02-27,82445.0,3.0,0.74,3.00
Poland,2022-03-06,77068.0,2.0,0.93,0.67
Poland,2022-03-13,74337.0,2.0,0.96,1.00
Poland,2022-03-20,54289.0,1.0,0.73,0.50
Poland,2022-03-27,29336.0,1.0,0.54,1.00
Poland,2022-04-03,8702.0,1.0,0.30,1.00
Poland,2022-04-10,4891.0,2.0,0.56,2.00
Singapore,2020-01-26,13.0,6.0,1,1
Singapore,2020-02-02,17.0,4.0,1.31,0.67
Singapore,2020-02-09,39.0,4.0,2.29,1.00
Singapore,2020-02-16,13.0,2.0,0.33,0.50
Singapore,2020-02-23,17.0,2.0,1.31,1.00
Singapore,2020-03-01,36.0,1.0,2.12,0.50
Singapore,2020-03-08,74.0,17.0,2.06,17.00
Singapore,2020-03-15,220.0,100.0,2.97,5.88
Singapore,2020-03-22,370.0,68.0,1.68,0.68
Singapore,2020-03-29,387.0,70.0,1.05,1.03
Singapore,2020-04-05,1110.0,54.0,2.87,0.77
Singapore,2020-04-12,3693.0,38.0,3.33,0.70
Singapore,2020-04-19,6701.0,32.0,1.81,0.84
Singapore,2020-04-26,4855.0,22.0,0.72,0.69
Singapore,2020-05-03,4912.0,18.0,1.01,0.82
Singapore,2020-05-10,4896.0,19.0,1.00,1.06
Singapore,2020-05-17,3712.0,16.0,0.76,0.84
Singapore,2020-05-24,3298.0,14.0,0.89,0.88
Singapore,2020-05-31,3161.0,12.0,0.96,0.86
Singapore,2020-06-07,2670.0,10.0,0.84,0.83
Singapore,2020-06-14,1636.0,9.0,0.61,0.90
Singapore,2020-06-21,1413.0,6.0,0.86,0.67
Singapore,2020-06-28,1418.0,7.0,1.00,1.17
Singapore,2020-07-05,1119.0,16.0,0.79,2.29
Singapore,2020-07-12,1872.0,7.0,1.67,0.44
Singapore,2020-07-19,2233.0,5.0,1.19,0.71
Singapore,2020-07-26,2624.0,5.0,1.18,1.00
Singapore,2020-08-02,2417.0,6.0,0.92,1.20
Singapore,2020-08-09,732.0,4.0,0.30,0.67
Singapore,2020-08-16,605.0,3.0,0.83,0.75
Singapore,2020-08-23,451.0,3.0,0.75,1.00
Singapore,2020-08-30,265.0,3.0,0.59,1.00
Singapore,2020-09-06,375.0,4.0,1.42,1.33
Singapore,2020-09-13,201.0,4.0,0.54,1.00
Singapore,2020-09-20,127.0,4.0,0.63,1.00
Singapore,2020-09-27,115.0,4.0,0.91,1.00
Singapore,2020-10-04,66.0,4.0,0.57,1.00
Singapore,2020-10-11,38.0,6.0,0.58,1.50
Singapore,2020-10-18,61.0,3.0,1.61,0.50
Singapore,2020-10-25,50.0,7.0,0.82,2.33
Singapore,2020-11-01,39.0,6.0,0.78,0.86
Singapore,2020-11-08,62.0,4.0,1.59,0.67
Singapore,2020-11-15,32.0,4.0,0.52,1.00
Singapore,2020-11-22,57.0,3.0,1.78,0.75
Singapore,2020-11-29,50.0,2.0,0.88,0.67
Singapore,2020-12-06,58.0,2.0,1.16,1.00
Singapore,2020-12-13,90.0,4.0,1.55,2.00
Singapore,2020-12-20,116.0,6.0,1.29,1.50
Singapore,2020-12-27,143.0,4.0,1.23,0.67
Singapore,2021-01-03,203.0,8.0,1.42,2.00
Singapore,2021-01-10,218.0,9.0,1.07,1.12
Singapore,2021-01-17,177.0,5.0,0.81,0.56
Singapore,2021-01-24,247.0,4.0,1.40,0.80
Singapore,2021-01-31,168.0,5.0,0.68,1.25
Singapore,2021-02-07,111.0,4.0,0.66,0.80
Singapore,2021-02-14,72.0,3.0,0.65,0.75
Singapore,2021-02-21,67.0,3.0,0.93,1.00
Singapore,2021-02-28,95.0,2.0,1.42,0.67
Singapore,2021-03-07,68.0,2.0,0.72,1.00
Singapore,2021-03-14,96.0,3.0,1.41,1.50
Singapore,2021-03-21,104.0,3.0,1.08,1.00
Singapore,2021-03-28,180.0,3.0,1.73,1.00
Singapore,2021-04-04,165.0,3.0,0.92,1.00
Singapore,2021-04-11,175.0,4.0,1.06,1.33
Singapore,2021-04-18,158.0,6.0,0.90,1.50
Singapore,2021-04-25,213.0,7.0,1.35,1.17
Singapore,2021-05-02,152.0,12.0,0.71,1.71
Singapore,2021-05-09,205.0,17.0,1.35,1.42
Singapore,2021-05-16,263.0,18.0,1.28,1.06
Singapore,2021-05-23,204.0,14.0,0.78,0.78
Singapore,2021-05-30,173.0,11.0,0.85,0.79
Singapore,2021-06-06,87.0,6.0,0.50,0.55
Singapore,2021-06-13,140.0,5.0,1.61,0.83
Singapore,2021-06-20,127.0,4.0,0.91,0.80
Singapore,2021-06-27,76.0,7.0,0.60,1.75
Singapore,2021-07-04,78.0,5.0,1.03,0.71
Singapore,2021-07-11,297.0,6.0,3.81,1.20
Singapore,2021-07-18,1073.0,8.0,3.61,1.33
Singapore,2021-07-25,927.0,6.0,0.86,0.75
Singapore,2021-08-01,705.0,7.0,0.76,1.17
Singapore,2021-08-08,433.0,3.0,0.61,0.43
Singapore,2021-08-15,324.0,4.0,0.75,1.33
Singapore,2021-08-22,728.0,4.0,2.25,1.00
Singapore,2021-08-29,1298.0,4.0,1.78,1.00
Singapore,2021-09-05,2698.0,4.0,2.08,1.00
Singapore,2021-09-12,5625.0,7.0,2.08,1.75
Singapore,2021-09-19,9161.0,4.0,1.63,0.57
Singapore,2021-09-26,15833.0,4.0,1.73,1.00
Singapore,2021-10-03,22371.0,3.0,1.41,0.75
Singapore,2021-10-10,20963.0,2.0,0.94,0.67
Singapore,2021-10-17,24141.0,2.0,1.15,1.00
Singapore,2021-10-24,25950.0,2.0,1.07,1.00
Singapore,2021-10-31,20569.0,1.0,0.79,0.50
Singapore,2021-11-07,19700.0,2.0,0.96,2.00
Singapore,2021-11-14,15038.0,3.0,0.76,1.50
Singapore,2021-11-21,11118.0,3.0,0.74,1.00
Singapore,2021-11-28,7023.0,3.0,0.63,1.00
Singapore,2021-12-05,4333.0,2.0,0.62,0.67
Singapore,2021-12-12,2663.0,2.0,0.61,1.00
Singapore,2021-12-19,1900.0,3.0,0.71,1.50
Singapore,2021-12-26,2306.0,2.0,1.21,0.67
Singapore,2022-01-02,4941.0,3.0,2.14,1.50
Singapore,2022-01-09,6184.0,2.0,1.25,0.67
Singapore,2022-01-16,19290.0,2.0,3.12,1.00
Singapore,2022-01-23,33556.0,1.0,1.74,0.50
Singapore,2022-01-30,35849.0,2.0,1.07,2.00
Singapore,2022-02-06,80394.0,2.0,2.24,1.00
Singapore,2022-02-13,116280.0,1.0,1.45,0.50
Singapore,2022-02-20,120297.0,1.0,1.03,1.00
Singapore,2022-02-27,123011.0,2.0,1.02,2.00
Singapore,2022-03-06,110072.0,1.0,0.89,0.50
Singapore,2022-03-13,77423.0,5.0,0.70,5.00
Singapore,2022-03-20,59999.0,3.0,0.77,0.60
Singapore,2022-03-27,38844.0,3.0,0.65,1.00
Singapore,2022-04-03,29427.0,5.0,0.76,1.67
Singapore,2022-04-10,16749.0,4.0,0.57,0.80
Spain,2020-01-26,1.0,0,1,0
Spain,2020-02-02,0.0,0,0,0
Spain,2020-02-09,1.0,0,1,0
Spain,2020-02-16,0.0,0,0,0
Spain,2020-02-23,43.0,0,1,0
Spain,2020-03-01,455.0,0,10.58,0
Spain,2020-03-08,5891.0,15.0,12.95,1
Spain,2020-03-15,18983.0,29.0,3.22,1.93
Spain,2020-03-22,47861.0,36.0,2.52,1.24
Spain,2020-03-29,52933.0,44.0,1.11,1.22
Spain,2020-04-05,36859.0,47.0,0.70,1.07
Spain,2020-04-12,28699.0,55.0,0.78,1.17
Spain,2020-04-19,24213.0,48.0,0.84,0.87
Spain,2020-04-26,10677.0,46.0,0.44,0.96
Spain,2020-05-03,6996.0,30.0,0.66,0.65
Spain,2020-05-10,7120.0,16.0,1.02,0.53
Spain,2020-05-17,4592.0,12.0,0.64,0.75
Spain,2020-05-24,4310.0,8.0,0.94,0.67
Spain,2020-05-31,2082.0,7.0,0.48,0.88
Spain,2020-06-07,2295.0,5.0,1.10,0.71
Spain,2020-06-14,2333.0,5.0,1.02,1.00
Spain,2020-06-21,2531.0,6.0,1.08,1.20
Spain,2020-06-28,2076.0,7.0,0.82,1.17
Spain,2020-07-05,3363.0,13.0,1.62,1.86
Spain,2020-07-12,6347.0,19.0,1.89,1.46
Spain,2020-07-19,12166.0,12.0,1.92,0.63
Spain,2020-07-26,16101.0,12.0,1.32,1.00
Spain,2020-08-02,25840.0,9.0,1.60,0.75
Spain,2020-08-09,28451.0,14.0,1.10,1.56
Spain,2020-08-16,43241.0,12.0,1.52,0.86
Spain,2020-08-23,53232.0,9.0,1.23,0.75
Spain,2020-08-30,59703.0,9.0,1.12,1.00
Spain,2020-09-06,67337.0,8.0,1.13,0.89
Spain,2020-09-13,73714.0,36.0,1.09,4.50
Spain,2020-09-20,76441.0,32.0,1.04,0.89
Spain,2020-09-27,73451.0,52.0,0.96,1.62
Spain,2020-10-04,71180.0,37.0,0.97,0.71
Spain,2020-10-11,75448.0,22.0,1.06,0.59
Spain,2020-10-18,109572.0,48.0,1.45,2.18
Spain,2020-10-25,139546.0,100.0,1.27,2.08
Spain,2020-11-01,143154.0,78.0,1.03,0.78
Spain,2020-11-08,129759.0,39.0,0.91,0.50
Spain,2020-11-15,98139.0,26.0,0.76,0.67
Spain,2020-11-22,71478.0,18.0,0.73,0.69
Spain,2020-11-29,56439.0,16.0,0.79,0.89
Spain,2020-12-06,45928.0,15.0,0.81,0.94
Spain,2020-12-13,66661.0,17.0,1.45,1.13
Spain,2020-12-20,57715.0,13.0,0.87,0.76
Spain,2020-12-27,73314.0,13.0,1.27,1.00
Spain,2021-01-03,122095.0,33.0,1.67,2.54
Spain,2021-01-10,201804.0,45.0,1.65,1.36
Spain,2021-01-17,247396.0,41.0,1.23,0.91
Spain,2021-01-24,243559.0,35.0,0.98,0.85
Spain,2021-01-31,198871.0,21.0,0.82,0.60
Spain,2021-02-07,114045.0,21.0,0.57,1.00
Spain,2021-02-14,77087.0,19.0,0.68,0.90
Spain,2021-02-21,55431.0,13.0,0.72,0.68
Spain,2021-02-28,34806.0,10.0,0.63,0.77
Spain,2021-03-07,34692.0,9.0,1.00,0.90
Spain,2021-03-14,28628.0,8.0,0.83,0.89
Spain,2021-03-21,42992.0,7.0,1.50,0.88
Spain,2021-03-28,45641.0,8.0,1.06,1.14
Spain,2021-04-04,46547.0,15.0,1.02,1.88
Spain,2021-04-11,59771.0,10.0,1.28,0.67
Spain,2021-04-18,61334.0,8.0,1.03,0.80
Spain,2021-04-25,55460.0,7.0,0.90,0.88
Spain,2021-05-02,43331.0,7.0,0.78,1.00
Spain,2021-05-09,37391.0,4.0,0.86,0.57
Spain,2021-05-16,31654.0,2.0,0.85,0.50
Spain,2021-05-23,32205.0,2.0,1.02,1.00
Spain,2021-05-30,29323.0,2.0,0.91,1.00
Spain,2021-06-06,35619.0,1.0,1.21,0.50
Spain,2021-06-13,23842.0,1.0,0.67,1.00
Spain,2021-06-20,25021.0,1.0,1.05,1.00
Spain,2021-06-27,51405.0,2.0,2.05,2.00
Spain,2021-07-04,103324.0,3.0,2.01,1.50
Spain,2021-07-11,163030.0,5.0,1.58,1.67
Spain,2021-07-18,180207.0,4.0,1.11,0.80
Spain,2021-07-25,166615.0,3.0,0.92,0.75
Spain,2021-08-01,141088.0,2.0,0.85,0.67
Spain,2021-08-08,105408.0,2.0,0.75,1.00
Spain,2021-08-15,76913.0,2.0,0.73,1.00
Spain,2021-08-22,61356.0,1.0,0.80,0.50
Spain,2021-08-29,45946.0,1.0,0.75,1.00
Spain,2021-09-05,29706.0,1.0,0.65,1.00
Spain,2021-09-12,22085.0,1.0,0.74,1.00
Spain,2021-09-19,17055.0,1.0,0.77,1.00
Spain,2021-09-26,14527.0,1.0,0.85,1.00
Spain,2021-10-03,12491.0,1.0,0.86,1.00
Spain,2021-10-10,10767.0,1.0,0.86,1.00
Spain,2021-10-17,13346.0,1.0,1.24,1.00
Spain,2021-10-24,13416.0,1.0,1.01,1.00
Spain,2021-10-31,14491.0,1.0,1.08,1.00
Spain,2021-11-07,21517.0,2.0,1.48,2.00
Spain,2021-11-14,33507.0,4.0,1.56,2.00
Spain,2021-11-21,50349.0,3.0,1.50,0.75
Spain,2021-11-28,71946.0,2.0,1.43,0.67
Spain,2021-12-05,87315.0,2.0,1.21,1.00
Spain,2021-12-12,165337.0,4.0,1.89,2.00
Spain,2021-12-19,262480.0,8.0,1.59,2.00
Spain,2021-12-26,576738.0,7.0,2.20,0.88
Spain,2022-01-02,870161.0,4.0,1.51,0.57
Spain,2022-01-09,928130.0,4.0,1.07,1.00
Spain,2022-01-16,882422.0,4.0,0.95,1.00
Spain,2022-01-23,803672.0,2.0,0.91,0.50
Spain,2022-01-30,420586.0,2.0,0.52,1.00
Spain,2022-02-06,404484.0,1.0,0.96,0.50
Spain,2022-02-13,205022.0,1.0,0.51,1.00
Spain,2022-02-20,168302.0,1.0,0.82,1.00
Spain,2022-02-27,122904.0,1.0,0.73,1.00
Spain,2022-03-06,123546.0,1.0,1.01,1.00
Spain,2022-03-13,100663.0,2.0,0.81,2.00
Spain,2022-03-20,127039.0,1.0,1.26,0.50
Spain,2022-03-27,99898.0,1.0,0.79,1.00
Spain,2022-04-03,75913.0,1.0,0.76,1.00
Spain,2022-04-10,0.0,1.0,0,1.00
Turkey,2020-01-26,0.0,0,0,0
Turkey,2020-02-02,0.0,0,0,0
Turkey,2020-02-09,0.0,0,0,0
Turkey,2020-02-16,0.0,0,0,0
Turkey,2020-02-23,0.0,0,0,0
Turkey,2020-03-01,0.0,0,0,0
Turkey,2020-03-08,5.0,0,1,0
Turkey,2020-03-15,665.0,1.0,133.00,1
Turkey,2020-03-22,6732.0,1.0,10.12,1.00
Turkey,2020-03-29,16532.0,1.0,2.46,1.00
Turkey,2020-04-05,28233.0,1.0,1.71,1.00
Turkey,2020-04-12,30162.0,1.0,1.07,1.00
Turkey,2020-04-19,25444.0,1.0,0.84,1.00
Turkey,2020-04-26,16602.0,1.0,0.65,1.00
Turkey,2020-05-03,12740.0,1.0,0.77,1.00
Turkey,2020-05-10,10952.0,1.0,0.86,1.00
Turkey,2020-05-17,7619.0,1.0,0.70,1.00
Turkey,2020-05-24,7417.0,1.0,0.97,1.00
Turkey,2020-05-31,6115.0,1.0,0.82,1.00
Turkey,2020-06-07,7459.0,1.0,1.22,1.00
Turkey,2020-06-14,9816.0,1.0,1.32,1.00
Turkey,2020-06-21,9390.0,0,0.96,0
Turkey,2020-06-28,8727.0,1.0,0.93,1
Turkey,2020-07-05,7371.0,0,0.84,0
Turkey,2020-07-12,6736.0,0,0.91,0
Turkey,2020-07-19,6456.0,0,0.96,0
Turkey,2020-07-26,6696.0,0,1.04,0
Turkey,2020-08-02,7753.0,0,1.16,0
Turkey,2020-08-09,8495.0,1.0,1.10,1
Turkey,2020-08-16,8915.0,0,1.05,0
Turkey,2020-08-23,10032.0,0,1.13,0
Turkey,2020-08-30,11164.0,0,1.11,0
Turkey,2020-09-06,11407.0,0,1.02,0
Turkey,2020-09-13,11713.0,1.0,1.03,1
Turkey,2020-09-20,11618.0,1.0,0.99,1.00
Turkey,2020-09-27,10048.0,0,0.86,0
Turkey,2020-10-04,11017.0,0,1.10,0
Turkey,2020-10-11,11647.0,0,1.06,0
Turkey,2020-10-18,14106.0,0,1.21,0
Turkey,2020-10-25,15583.0,1.0,1.10,1
Turkey,2020-11-01,16372.0,1.0,1.05,1.00
Turkey,2020-11-08,19316.0,1.0,1.18,1.00
Turkey,2020-11-15,29750.0,1.0,1.54,1.00
Turkey,2020-11-22,137542.0,1.0,4.62,1.00
Turkey,2020-11-29,219546.0,1.0,1.60,1.00
Turkey,2020-12-06,188691.0,1.0,0.86,1.00
Turkey,2020-12-13,194476.0,1.0,1.03,1.00
Turkey,2020-12-20,129088.0,1.0,0.66,1.00
Turkey,2020-12-27,98662.0,1.0,0.76,1.00
Turkey,2021-01-03,85083.0,1.0,0.86,1.00
Turkey,2021-01-10,63547.0,1.0,0.75,1.00
Turkey,2021-01-17,43663.0,1.0,0.69,1.00
Turkey,2021-01-24,46573.0,1.0,1.07,1.00
Turkey,2021-01-31,53885.0,1.0,1.16,1.00
Turkey,2021-02-07,55110.0,0,1.02,0
Turkey,2021-02-14,51980.0,0,0.94,0
Turkey,2021-02-21,61288.0,1.0,1.18,1
Turkey,2021-02-28,76066.0,1.0,1.24,1.00
Turkey,2021-03-07,96782.0,1.0,1.27,1.00
Turkey,2021-03-14,126682.0,1.0,1.31,1.00
Turkey,2021-03-21,186421.0,2.0,1.47,2.00
Turkey,2021-03-28,265937.0,3.0,1.43,1.50
Turkey,2021-04-04,353281.0,10.0,1.33,3.33
Turkey,2021-04-11,414312.0,13.0,1.17,1.30
Turkey,2021-04-18,378771.0,11.0,0.91,0.85
Turkey,2021-04-25,257992.0,100.0,0.68,9.09
Turkey,2021-05-02,166733.0,27.0,0.65,0.27
Turkey,2021-05-09,90721.0,17.0,0.54,0.63
Turkey,2021-05-16,71786.0,7.0,0.79,0.41
Turkey,2021-05-23,57330.0,2.0,0.80,0.29
Turkey,2021-05-30,46616.0,2.0,0.81,1.00
Turkey,2021-06-06,42841.0,2.0,0.92,1.00
Turkey,2021-06-13,39773.0,1.0,0.93,0.50
Turkey,2021-06-20,38936.0,1.0,0.98,1.00
Turkey,2021-06-27,36224.0,1.0,0.93,1.00
Turkey,2021-07-04,35926.0,1.0,0.99,1.00
Turkey,2021-07-11,45745.0,1.0,1.27,1.00
Turkey,2021-07-18,65339.0,1.0,1.43,1.00
Turkey,2021-07-25,139667.0,2.0,2.14,2.00
Turkey,2021-08-01,168796.0,1.0,1.21,0.50
Turkey,2021-08-08,163965.0,1.0,0.97,1.00
Turkey,2021-08-15,137235.0,1.0,0.84,1.00
Turkey,2021-08-22,132508.0,1.0,0.97,1.00
Turkey,2021-08-29,149114.0,1.0,1.13,1.00
Turkey,2021-09-05,158236.0,1.0,1.06,1.00
Turkey,2021-09-12,183962.0,1.0,1.16,1.00
Turkey,2021-09-19,192778.0,1.0,1.05,1.00
Turkey,2021-09-26,197277.0,1.0,1.02,1.00
Turkey,2021-10-03,205266.0,1.0,1.04,1.00
Turkey,2021-10-10,213981.0,1.0,1.04,1.00
Turkey,2021-10-17,196850.0,1.0,0.92,1.00
Turkey,2021-10-24,182027.0,1.0,0.92,1.00
Turkey,2021-10-31,197335.0,1.0,1.08,1.00
Turkey,2021-11-07,180167.0,1.0,0.91,1.00
Turkey,2021-11-14,163835.0,1.0,0.91,1.00
Turkey,2021-11-21,174023.0,1.0,1.06,1.00
Turkey,2021-11-28,157360.0,1.0,0.90,1.00
Turkey,2021-12-05,140463.0,1.0,0.89,1.00
Turkey,2021-12-12,131986.0,1.0,0.94,1.00
Turkey,2021-12-19,132777.0,1.0,1.01,1.00
Turkey,2021-12-26,232295.0,2.0,1.75,2.00
Turkey,2022-01-02,397444.0,1.0,1.71,0.50
Turkey,2022-01-09,486339.0,1.0,1.22,1.00
Turkey,2022-01-16,478562.0,0,0.98,0
Turkey,2022-01-23,556850.0,0,1.16,0
Turkey,2022-01-30,712091.0,0,1.28,0
Turkey,2022-02-06,683967.0,0,0.96,0
Turkey,2022-02-13,599596.0,0,0.88,0
Turkey,2022-02-20,541259.0,0,0.90,0
Turkey,2022-02-27,350828.0,0,0.65,0
Turkey,2022-03-06,208022.0,0,0.59,0
Turkey,2022-03-13,146597.0,0,0.70,0
Turkey,2022-03-20,108647.0,0,0.74,0
Turkey,2022-03-27,96227.0,1.0,0.89,1
Turkey,2022-04-03,67655.0,0,0.70,0
Turkey,2022-04-10,29793.0,1.0,0.44,1
United Kingdom,2020-01-26,2.0,0,1,0
United Kingdom,2020-02-02,11.0,0,5.50,0
United Kingdom,2020-02-09,5.0,0,0.45,0
United Kingdom,2020-02-16,5.0,0,1.00,0
United Kingdom,2020-02-23,38.0,1.0,7.60,1
United Kingdom,2020-03-01,367.0,1.0,9.66,1.00
United Kingdom,2020-03-08,2202.0,13.0,6.00,13.00
United Kingdom,2020-03-15,6327.0,54.0,2.87,4.15
United Kingdom,2020-03-22,17972.0,60.0,2.84,1.11
United Kingdom,2020-03-29,30498.0,33.0,1.70,0.55
United Kingdom,2020-04-05,32345.0,37.0,1.06,1.12
United Kingdom,2020-04-12,32123.0,47.0,0.99,1.27
United Kingdom,2020-04-19,32883.0,37.0,1.02,0.79
United Kingdom,2020-04-26,31251.0,41.0,0.95,1.11
United Kingdom,2020-05-03,22836.0,48.0,0.73,1.17
United Kingdom,2020-05-10,19786.0,38.0,0.87,0.79
United Kingdom,2020-05-17,16235.0,27.0,0.82,0.71
United Kingdom,2020-05-24,10746.0,32.0,0.66,1.19
United Kingdom,2020-05-31,8443.0,19.0,0.79,0.59
United Kingdom,2020-06-07,7083.0,18.0,0.84,0.95
United Kingdom,2020-06-14,6578.0,17.0,0.93,0.94
United Kingdom,2020-06-21,5140.0,16.0,0.78,0.94
United Kingdom,2020-06-28,2592.0,25.0,0.50,1.56
United Kingdom,2020-07-05,4058.0,14.0,1.57,0.56
United Kingdom,2020-07-12,5119.0,12.0,1.26,0.86
United Kingdom,2020-07-19,4615.0,9.0,0.90,0.75
United Kingdom,2020-07-26,5265.0,21.0,1.14,2.33
United Kingdom,2020-08-02,5827.0,18.0,1.11,0.86
United Kingdom,2020-08-09,7625.0,13.0,1.31,0.72
United Kingdom,2020-08-16,7230.0,12.0,0.95,0.92
United Kingdom,2020-08-23,8161.0,10.0,1.13,0.83
United Kingdom,2020-08-30,11421.0,9.0,1.40,0.90
United Kingdom,2020-09-06,21017.0,20.0,1.84,2.22
United Kingdom,2020-09-13,25196.0,34.0,1.20,1.70
United Kingdom,2020-09-20,38929.0,38.0,1.55,1.12
United Kingdom,2020-09-27,50760.0,25.0,1.30,0.66
United Kingdom,2020-10-04,110854.0,24.0,2.18,0.96
United Kingdom,2020-10-11,114629.0,50.0,1.03,2.08
United Kingdom,2020-10-18,148628.0,29.0,1.30,0.58
United Kingdom,2020-10-25,157692.0,69.0,1.06,2.38
United Kingdom,2020-11-01,159858.0,100.0,1.01,1.45
United Kingdom,2020-11-08,173005.0,24.0,1.08,0.24
United Kingdom,2020-11-15,149107.0,24.0,0.86,1.00
United Kingdom,2020-11-22,111892.0,31.0,0.75,1.29
United Kingdom,2020-11-29,101077.0,16.0,0.90,0.52
United Kingdom,2020-12-06,125374.0,8.0,1.24,0.50
United Kingdom,2020-12-13,173818.0,31.0,1.39,3.88
United Kingdom,2020-12-20,252293.0,26.0,1.45,0.84
United Kingdom,2020-12-27,343932.0,25.0,1.36,0.96
United Kingdom,2021-01-03,417772.0,94.0,1.21,3.76
United Kingdom,2021-01-10,340081.0,30.0,0.81,0.32
United Kingdom,2021-01-17,260162.0,24.0,0.77,0.80
United Kingdom,2021-01-24,178812.0,29.0,0.69,1.21
United Kingdom,2021-01-31,134016.0,19.0,0.75,0.66
United Kingdom,2021-02-07,97385.0,19.0,0.73,1.00
United Kingdom,2021-02-14,78616.0,21.0,0.81,1.11
United Kingdom,2021-02-21,64856.0,31.0,0.82,1.48
United Kingdom,2021-02-28,42832.0,23.0,0.66,0.74
United Kingdom,2021-03-07,40479.0,23.0,0.95,1.00
United Kingdom,2021-03-14,37453.0,22.0,0.93,0.96
United Kingdom,2021-03-21,37910.0,26.0,1.01,1.18
United Kingdom,2021-03-28,27915.0,17.0,0.74,0.65
United Kingdom,2021-04-04,15815.0,12.0,0.57,0.71
United Kingdom,2021-04-11,17896.0,11.0,1.13,0.92
United Kingdom,2021-04-18,17233.0,9.0,0.96,0.82
United Kingdom,2021-04-25,15361.0,8.0,0.89,0.89
United Kingdom,2021-05-02,14560.0,5.0,0.95,0.62
United Kingdom,2021-05-09,15763.0,7.0,1.08,1.40
United Kingdom,2021-05-16,13961.0,4.0,0.89,0.57
United Kingdom,2021-05-23,20504.0,4.0,1.47,1.00
United Kingdom,2021-05-30,30725.0,4.0,1.50,1.00
United Kingdom,2021-06-06,46857.0,5.0,1.53,1.25
United Kingdom,2021-06-13,62503.0,7.0,1.33,1.40
United Kingdom,2021-06-20,96941.0,3.0,1.55,0.43
United Kingdom,2021-06-27,162104.0,3.0,1.67,1.00
United Kingdom,2021-07-04,210993.0,3.0,1.30,1.00
United Kingdom,2021-07-11,297807.0,3.0,1.41,1.00
United Kingdom,2021-07-18,284748.0,4.0,0.96,1.33
United Kingdom,2021-07-25,188046.0,2.0,0.66,0.50
United Kingdom,2021-08-01,186118.0,2.0,0.99,1.00
United Kingdom,2021-08-08,199040.0,2.0,1.07,1.00
United Kingdom,2021-08-15,220240.0,2.0,1.11,1.00
United Kingdom,2021-08-22,237839.0,2.0,1.08,1.00
United Kingdom,2021-08-29,243381.0,2.0,1.02,1.00
United Kingdom,2021-09-05,256343.0,5.0,1.05,2.50
United Kingdom,2021-09-12,203315.0,3.0,0.79,0.60
United Kingdom,2021-09-19,230690.0,2.0,1.13,0.67
United Kingdom,2021-09-26,239983.0,1.0,1.04,0.50
United Kingdom,2021-10-03,249882.0,1.0,1.04,1.00
United Kingdom,2021-10-10,284096.0,1.0,1.14,1.00
United Kingdom,2021-10-17,330874.0,3.0,1.16,3.00
United Kingdom,2021-10-24,285504.0,2.0,0.86,0.67
United Kingdom,2021-10-31,252722.0,2.0,0.89,1.00
United Kingdom,2021-11-07,253795.0,2.0,1.00,1.00
United Kingdom,2021-11-14,282169.0,5.0,1.11,2.50
United Kingdom,2021-11-21,306009.0,6.0,1.08,1.20
United Kingdom,2021-11-28,312276.0,8.0,1.02,1.33
United Kingdom,2021-12-05,351762.0,7.0,1.13,0.88
United Kingdom,2021-12-12,509322.0,17.0,1.45,2.43
United Kingdom,2021-12-19,735698.0,24.0,1.44,1.41
United Kingdom,2021-12-26,1091177.0,11.0,1.48,0.46
United Kingdom,2022-01-02,1238290.0,4.0,1.13,0.36
United Kingdom,2022-01-09,816795.0,3.0,0.66,0.75
United Kingdom,2022-01-16,639696.0,2.0,0.78,0.67
United Kingdom,2022-01-23,624325.0,1.0,0.98,0.50
United Kingdom,2022-01-30,499088.0,1.0,0.80,1.00
United Kingdom,2022-02-06,518569.0,1.0,1.04,1.00
United Kingdom,2022-02-13,321281.0,1.0,0.62,1.00
United Kingdom,2022-02-20,221278.0,1.0,0.69,1.00
United Kingdom,2022-02-27,317123.0,1.0,1.43,1.00
United Kingdom,2022-03-06,414480.0,1.0,1.31,1.00
United Kingdom,2022-03-13,567711.0,1.0,1.37,1.00
United Kingdom,2022-03-20,602481.0,1.0,1.06,1.00
United Kingdom,2022-03-27,528960.0,1.0,0.88,1.00
United Kingdom,2022-04-03,334106.0,1.0,0.63,1.00
United Kingdom,2022-04-10,200018.0,1.0,0.60,1.00
United States,2020-01-26,6.0,1.0,1,1
United States,2020-02-02,4.0,1.0,0.67,1.00
United States,2020-02-09,2.0,1.0,0.50,1.00
United States,2020-02-16,2.0,1.0,1.00,1.00
United States,2020-02-23,9.0,2.0,4.50,2.00
United States,2020-03-01,378.0,2.0,42.00,1.00
United States,2020-03-08,2575.0,13.0,6.81,6.50
United States,2020-03-15,23047.0,100.0,8.95,7.69
United States,2020-03-22,101392.0,80.0,4.40,0.80
United States,2020-03-29,192359.0,35.0,1.90,0.44
United States,2020-04-05,220938.0,17.0,1.15,0.49
United States,2020-04-12,197750.0,15.0,0.90,0.88
United States,2020-04-19,206306.0,15.0,1.04,1.00
United States,2020-04-26,193404.0,14.0,0.94,0.93
United States,2020-05-03,175412.0,11.0,0.91,0.79
United States,2020-05-10,156011.0,14.0,0.89,1.27
United States,2020-05-17,153534.0,10.0,0.98,0.71
United States,2020-05-24,146186.0,7.0,0.95,0.70
United States,2020-05-31,150647.0,7.0,1.03,1.00
United States,2020-06-07,148757.0,3.0,0.99,0.43
United States,2020-06-14,182606.0,3.0,1.23,1.00
United States,2020-06-21,259716.0,4.0,1.42,1.33
United States,2020-06-28,335559.0,5.0,1.29,1.25
United States,2020-07-05,403385.0,3.0,1.20,0.60
United States,2020-07-12,452797.0,7.0,1.12,2.33
United States,2020-07-19,462570.0,3.0,1.02,0.43
United States,2020-07-26,435922.0,2.0,0.94,0.67
United States,2020-08-02,389502.0,2.0,0.89,1.00
United States,2020-08-09,392263.0,3.0,1.01,1.50
United States,2020-08-16,301694.0,2.0,0.77,0.67
United States,2020-08-23,290673.0,2.0,0.96,1.00
United States,2020-08-30,286535.0,2.0,0.99,1.00
United States,2020-09-06,243722.0,2.0,0.85,1.00
United States,2020-09-13,289608.0,2.0,1.19,1.00
United States,2020-09-20,292611.0,2.0,1.01,1.00
United States,2020-09-27,301157.0,2.0,1.03,1.00
United States,2020-10-04,332512.0,2.0,1.10,1.00
United States,2020-10-11,386092.0,3.0,1.16,1.50
United States,2020-10-18,482162.0,3.0,1.25,1.00
United States,2020-10-25,567724.0,6.0,1.18,2.00
United States,2020-11-01,766873.0,7.0,1.35,1.17
United States,2020-11-08,1023233.0,15.0,1.33,2.14
United States,2020-11-15,1203210.0,28.0,1.18,1.87
United States,2020-11-22,1181987.0,10.0,0.98,0.36
United States,2020-11-29,1366158.0,12.0,1.16,1.20
United States,2020-12-06,1518248.0,13.0,1.11,1.08
United States,2020-12-13,1556616.0,5.0,1.03,0.38
United States,2020-12-20,1368990.0,5.0,0.88,1.00
United States,2020-12-27,1499802.0,4.0,1.10,0.80
United States,2021-01-03,1736614.0,7.0,1.16,1.75
United States,2021-01-10,1564237.0,5.0,0.90,0.71
United States,2021-01-17,1224200.0,4.0,0.78,0.80
United States,2021-01-24,1057651.0,3.0,0.86,0.75
United States,2021-01-31,852579.0,2.0,0.81,0.67
United States,2021-02-07,661007.0,2.0,0.78,1.00
United States,2021-02-14,473339.0,2.0,0.72,1.00
United States,2021-02-21,483614.0,2.0,1.02,1.00
United States,2021-02-28,425532.0,2.0,0.88,1.00
United States,2021-03-07,380200.0,2.0,0.89,1.00
United States,2021-03-14,386537.0,3.0,1.02,1.50
United States,2021-03-21,431478.0,2.0,1.12,0.67
United States,2021-03-28,459180.0,3.0,1.06,1.50
United States,2021-04-04,478971.0,3.0,1.04,1.00
United States,2021-04-11,479027.0,2.0,1.00,0.67
United States,2021-04-18,413753.0,3.0,0.86,1.50
United States,2021-04-25,350231.0,2.0,0.85,0.67
United States,2021-05-02,294367.0,2.0,0.84,1.00
United States,2021-05-09,238588.0,2.0,0.81,1.00
United States,2021-05-16,181714.0,2.0,0.76,1.00
United States,2021-05-23,147244.0,2.0,0.81,1.00
United States,2021-05-30,103061.0,1.0,0.70,0.50
United States,2021-06-06,100785.0,1.0,0.98,1.00
United States,2021-06-13,81687.0,1.0,0.81,1.00
United States,2021-06-20,87384.0,1.0,1.07,1.00
United States,2021-06-27,91365.0,3.0,1.05,3.00
United States,2021-07-04,134224.0,2.0,1.47,0.67
United States,2021-07-11,223005.0,2.0,1.66,1.00
United States,2021-07-18,362710.0,3.0,1.63,1.50
United States,2021-07-25,553812.0,6.0,1.53,2.00
United States,2021-08-01,777705.0,7.0,1.40,1.17
United States,2021-08-08,910865.0,4.0,1.17,0.57
United States,2021-08-15,1045833.0,3.0,1.15,0.75
United States,2021-08-22,1087214.0,3.0,1.04,1.00
United States,2021-08-29,1152150.0,2.0,1.06,0.67
United States,2021-09-05,1040890.0,2.0,0.90,1.00
United States,2021-09-12,1022384.0,2.0,0.98,1.00
United States,2021-09-19,834168.0,2.0,0.82,1.00
United States,2021-09-26,757813.0,2.0,0.91,1.00
United States,2021-10-03,666875.0,1.0,0.88,0.50
United States,2021-10-10,590988.0,1.0,0.89,1.00
United States,2021-10-17,510519.0,1.0,0.86,1.00
United States,2021-10-24,505414.0,1.0,0.99,1.00
United States,2021-10-31,513040.0,1.0,1.02,1.00
United States,2021-11-07,566083.0,1.0,1.10,1.00
United States,2021-11-14,648105.0,3.0,1.14,3.00
United States,2021-11-21,506646.0,2.0,0.78,0.67
United States,2021-11-28,847463.0,3.0,1.67,1.50
United States,2021-12-05,835345.0,3.0,0.99,1.00
United States,2021-12-12,910589.0,3.0,1.09,1.00
United States,2021-12-19,1357301.0,4.0,1.49,1.33
United States,2021-12-26,2835977.0,3.0,2.09,0.75
United States,2022-01-02,4907630.0,3.0,1.73,1.00
United States,2022-01-09,5654028.0,2.0,1.15,0.67
United States,2022-01-16,5067987.0,1.0,0.90,0.50
United States,2022-01-23,3703423.0,1.0,0.73,1.00
United States,2022-01-30,2111179.0,3.0,0.57,3.00
United States,2022-02-06,1264976.0,1.0,0.60,0.33
United States,2022-02-13,732787.0,1.0,0.58,1.00
United States,2022-02-20,469254.0,1.0,0.64,1.00
United States,2022-02-27,332069.0,1.0,0.71,1.00
United States,2022-03-06,250467.0,1.0,0.75,1.00
United States,2022-03-13,212359.0,2.0,0.85,2.00
United States,2022-03-20,217805.0,1.0,1.03,0.50
United States,2022-03-27,202993.0,1.0,0.93,1.00
United States,2022-04-03,246102.0,1.0,1.21,1.00
United States,2022-04-10,176362.0,3.0,0.72,3.00
World,2020-01-26,10601.0,1.0,1,1
World,2020-02-02,25093.0,1.0,2.37,1.00
World,2020-02-09,31924.0,1.0,1.27,1.00
World,2020-02-16,9553.0,1.0,0.30,1.00
World,2020-02-23,7422.0,2.0,0.78,2.00
World,2020-03-01,20092.0,1.0,2.71,0.50
World,2020-03-08,51523.0,19.0,2.56,19.00
World,2020-03-15,147813.0,72.0,2.87,3.79
World,2020-03-22,365088.0,100.0,2.47,1.39
World,2020-03-29,524946.0,66.0,1.44,0.66
World,2020-04-05,549736.0,67.0,1.05,1.02
World,2020-04-12,613213.0,56.0,1.12,0.84
World,2020-04-19,572681.0,48.0,0.93,0.86
World,2020-04-26,547853.0,60.0,0.96,1.25
World,2020-05-03,588492.0,54.0,1.07,0.90
World,2020-05-10,607129.0,50.0,1.03,0.93
World,2020-05-17,686439.0,45.0,1.13,0.90
World,2020-05-24,754305.0,36.0,1.10,0.80
World,2020-05-31,842777.0,25.0,1.12,0.69
World,2020-06-07,874714.0,25.0,1.04,1.00
World,2020-06-14,1053863.0,20.0,1.20,0.80
World,2020-06-21,1142992.0,20.0,1.08,1.00
World,2020-06-28,1316998.0,29.0,1.15,1.45
World,2020-07-05,1448787.0,25.0,1.10,0.86
World,2020-07-12,1555315.0,26.0,1.07,1.04
World,2020-07-19,1751751.0,18.0,1.13,0.69
World,2020-07-26,1796592.0,22.0,1.03,1.22
World,2020-08-02,1812248.0,17.0,1.01,0.77
World,2020-08-09,1853821.0,15.0,1.02,0.88
World,2020-08-16,1756803.0,14.0,0.95,0.93
World,2020-08-23,1791421.0,13.0,1.02,0.93
World,2020-08-30,1893358.0,11.0,1.06,0.85
World,2020-09-06,1894897.0,15.0,1.00,1.36
World,2020-09-13,2035931.0,21.0,1.07,1.40
World,2020-09-20,2047341.0,22.0,1.01,1.05
World,2020-09-27,2062222.0,17.0,1.01,0.77
World,2020-10-04,2310378.0,17.0,1.12,1.00
World,2020-10-11,2466857.0,25.0,1.07,1.47
World,2020-10-18,2964288.0,22.0,1.20,0.88
World,2020-10-25,3424124.0,45.0,1.16,2.05
World,2020-11-01,3924559.0,50.0,1.15,1.11
World,2020-11-08,4079462.0,23.0,1.04,0.46
World,2020-11-15,4158600.0,30.0,1.02,1.30
World,2020-11-22,4131535.0,26.0,0.99,0.87
World,2020-11-29,4284104.0,18.0,1.04,0.69
World,2020-12-06,4406039.0,15.0,1.03,0.83
World,2020-12-13,4553731.0,27.0,1.03,1.80
World,2020-12-20,4149679.0,25.0,0.91,0.93
World,2020-12-27,4316864.0,22.0,1.04,0.88
World,2021-01-03,5074794.0,49.0,1.18,2.23
World,2021-01-10,4855479.0,29.0,0.96,0.59
World,2021-01-17,4235637.0,19.0,0.87,0.66
World,2021-01-24,3825722.0,19.0,0.90,1.00
World,2021-01-31,3274805.0,18.0,0.86,0.95
World,2021-02-07,2795044.0,17.0,0.85,0.94
World,2021-02-14,2531864.0,20.0,0.91,1.18
World,2021-02-21,2745758.0,26.0,1.08,1.30
World,2021-02-28,2767312.0,22.0,1.01,0.85
World,2021-03-07,2987828.0,22.0,1.08,1.00
World,2021-03-14,3341445.0,31.0,1.12,1.41
World,2021-03-21,3878193.0,31.0,1.16,1.00
World,2021-03-28,4083045.0,28.0,1.05,0.90
World,2021-04-04,4585454.0,28.0,1.12,1.00
World,2021-04-11,5372669.0,30.0,1.17,1.07
World,2021-04-18,5750516.0,36.0,1.07,1.20
World,2021-04-25,5736376.0,36.0,1.00,1.00
World,2021-05-02,5500878.0,34.0,0.96,0.94
World,2021-05-09,4845395.0,27.0,0.88,0.79
World,2021-05-16,4214654.0,21.0,0.87,0.78
World,2021-05-23,3568497.0,25.0,0.85,1.19
World,2021-05-30,3027541.0,27.0,0.85,1.08
World,2021-06-06,2678901.0,18.0,0.88,0.67
World,2021-06-13,2524546.0,16.0,0.94,0.89
World,2021-06-20,2597947.0,15.0,1.03,0.94
World,2021-06-27,2677685.0,21.0,1.03,1.40
World,2021-07-04,3038319.0,11.0,1.13,0.52
World,2021-07-11,3529700.0,14.0,1.16,1.27
World,2021-07-18,3781924.0,13.0,1.07,0.93
World,2021-07-25,4135537.0,16.0,1.09,1.23
World,2021-08-01,4434975.0,18.0,1.07,1.12
World,2021-08-08,4525621.0,14.0,1.02,0.78
World,2021-08-15,4606312.0,15.0,1.02,1.07
World,2021-08-22,4592484.0,10.0,1.00,0.67
World,2021-08-29,4356990.0,9.0,0.95,0.90
World,2021-09-05,3985775.0,10.0,0.91,1.11
World,2021-09-12,3674772.0,7.0,0.92,0.70
World,2021-09-19,3386455.0,7.0,0.92,1.00
World,2021-09-26,3142476.0,6.0,0.93,0.86
World,2021-10-03,2963953.0,5.0,0.94,0.83
World,2021-10-10,2856788.0,5.0,0.96,1.00
World,2021-10-17,2977566.0,7.0,1.04,1.40
World,2021-10-24,3061252.0,7.0,1.03,1.00
World,2021-10-31,3194823.0,6.0,1.04,0.86
World,2021-11-07,3436429.0,6.0,1.08,1.00
World,2021-11-14,3767218.0,9.0,1.10,1.50
World,2021-11-21,3948297.0,10.0,1.05,1.11
World,2021-11-28,4337006.0,10.0,1.10,1.00
World,2021-12-05,4323380.0,8.0,1.00,0.80
World,2021-12-12,4524455.0,12.0,1.05,1.50
World,2021-12-19,5516669.0,16.0,1.22,1.33
World,2021-12-26,9785265.0,13.0,1.77,0.81
World,2022-01-02,16133988.0,18.0,1.65,1.38
World,2022-01-09,20703663.0,11.0,1.28,0.61
World,2022-01-16,23018954.0,7.0,1.11,0.64
World,2022-01-23,23309701.0,4.0,1.01,0.57
World,2022-01-30,19750071.0,4.0,0.85,1.00
World,2022-02-06,16652325.0,3.0,0.84,0.75
World,2022-02-13,13006892.0,2.0,0.78,0.67
World,2022-02-20,11194376.0,2.0,0.86,1.00
World,2022-02-27,10769700.0,2.0,0.96,1.00
World,2022-03-06,11685362.0,2.0,1.09,1.00
World,2022-03-13,12612394.0,4.0,1.08,2.00
World,2022-03-20,11237857.0,2.0,0.89,0.50
World,2022-03-27,9801390.0,3.0,0.87,1.50
World,2022-04-03,7683562.0,3.0,0.78,1.00
World,2022-04-10,4592348.0,4.0,0.60,1.33
