CountryName,Date,new_cases,Search Index,new_cases_rate,education_rate
Australia,2020-01-26,12.0,65.0,1,1
Australia,2020-02-02,3.0,68.0,0.25,1.05
Australia,2020-02-09,0.0,69.0,0,1.01
Australia,2020-02-16,0.0,69.0,0,1.00
Australia,2020-02-23,10.0,69.0,1,1.00
Australia,2020-03-01,38.0,64.0,3.80,0.93
Australia,2020-03-08,187.0,65.0,4.92,1.02
Australia,2020-03-15,821.0,79.0,4.39,1.22
Australia,2020-03-22,2569.0,100.0,3.13,1.27
Australia,2020-03-29,1910.0,82.0,0.74,0.82
Australia,2020-04-05,753.0,59.0,0.39,0.72
Australia,2020-04-12,265.0,59.0,0.35,1.00
Australia,2020-04-19,126.0,65.0,0.48,1.10
Australia,2020-04-26,105.0,81.0,0.83,1.25
Australia,2020-05-03,140.0,73.0,1.33,0.90
Australia,2020-05-10,105.0,70.0,0.75,0.96
Australia,2020-05-17,70.0,72.0,0.67,1.03
Australia,2020-05-24,78.0,62.0,1.11,0.86
Australia,2020-05-31,67.0,61.0,0.86,0.98
Australia,2020-06-07,61.0,59.0,0.91,0.97
Australia,2020-06-14,141.0,60.0,2.31,1.02
Australia,2020-06-21,225.0,59.0,1.60,0.98
Australia,2020-06-28,757.0,51.0,3.36,0.86
Australia,2020-07-05,1354.0,41.0,1.79,0.80
Australia,2020-07-12,2005.0,46.0,1.48,1.12
Australia,2020-07-19,2601.0,58.0,1.30,1.26
Australia,2020-07-26,3492.0,60.0,1.34,1.03
Australia,2020-08-02,3189.0,61.0,0.91,1.02
Australia,2020-08-09,2203.0,61.0,0.69,1.00
Australia,2020-08-16,1524.0,58.0,0.69,0.95
Australia,2020-08-23,859.0,59.0,0.56,1.02
Australia,2020-08-30,608.0,60.0,0.71,1.02
Australia,2020-09-06,373.0,60.0,0.61,1.00
Australia,2020-09-13,247.0,58.0,0.66,0.97
Australia,2020-09-20,142.0,50.0,0.57,0.86
Australia,2020-09-27,95.0,39.0,0.67,0.78
Australia,2020-10-04,128.0,43.0,1.35,1.10
Australia,2020-10-11,127.0,53.0,0.99,1.23
Australia,2020-10-18,123.0,51.0,0.97,0.96
Australia,2020-10-25,82.0,48.0,0.67,0.94
Australia,2020-11-01,63.0,43.0,0.77,0.90
Australia,2020-11-08,53.0,49.0,0.84,1.14
Australia,2020-11-15,110.0,47.0,2.08,0.96
Australia,2020-11-22,71.0,45.0,0.65,0.96
Australia,2020-11-29,73.0,43.0,1.03,0.96
Australia,2020-12-06,65.0,43.0,0.89,1.00
Australia,2020-12-13,138.0,38.0,2.12,0.88
Australia,2020-12-20,140.0,22.0,1.01,0.58
Australia,2020-12-27,176.0,22.0,1.26,1.00
Australia,2021-01-03,111.0,33.0,0.63,1.50
Australia,2021-01-10,113.0,38.0,1.02,1.15
Australia,2021-01-17,58.0,45.0,0.51,1.18
Australia,2021-01-24,45.0,47.0,0.78,1.04
Australia,2021-01-31,40.0,56.0,0.89,1.19
Australia,2021-02-07,47.0,55.0,1.18,0.98
Australia,2021-02-14,28.0,54.0,0.60,0.98
Australia,2021-02-21,44.0,54.0,1.57,1.00
Australia,2021-02-28,64.0,55.0,1.45,1.02
Australia,2021-03-07,83.0,52.0,1.30,0.95
Australia,2021-03-14,79.0,51.0,0.95,0.98
Australia,2021-03-21,63.0,54.0,0.80,1.06
Australia,2021-03-28,89.0,45.0,1.41,0.83
Australia,2021-04-04,57.0,32.0,0.64,0.71
Australia,2021-04-11,114.0,37.0,2.00,1.16
Australia,2021-04-18,144.0,49.0,1.26,1.32
Australia,2021-04-25,161.0,48.0,1.12,0.98
Australia,2021-05-02,98.0,51.0,0.61,1.06
Australia,2021-05-09,53.0,52.0,0.54,1.02
Australia,2021-05-16,32.0,52.0,0.60,1.00
Australia,2021-05-23,89.0,54.0,2.78,1.04
Australia,2021-05-30,77.0,55.0,0.87,1.02
Australia,2021-06-06,75.0,48.0,0.97,0.87
Australia,2021-06-13,83.0,48.0,1.11,1.00
Australia,2021-06-20,168.0,50.0,2.02,1.04
Australia,2021-06-27,254.0,40.0,1.51,0.80
Australia,2021-07-04,347.0,39.0,1.37,0.97
Australia,2021-07-11,799.0,46.0,2.30,1.18
Australia,2021-07-18,1019.0,51.0,1.28,1.11
Australia,2021-07-25,1465.0,48.0,1.44,0.94
Australia,2021-08-01,1945.0,50.0,1.33,1.04
Australia,2021-08-08,2769.0,50.0,1.42,1.00
Australia,2021-08-15,4929.0,51.0,1.78,1.02
Australia,2021-08-22,7230.0,48.0,1.47,0.94
Australia,2021-08-29,10363.0,48.0,1.43,1.00
Australia,2021-09-05,11984.0,51.0,1.16,1.06
Australia,2021-09-12,12025.0,68.0,1.00,1.33
Australia,2021-09-19,11931.0,81.0,0.99,1.19
Australia,2021-09-26,13829.0,60.0,1.16,0.74
Australia,2021-10-03,16083.0,56.0,1.16,0.93
Australia,2021-10-10,15733.0,56.0,0.98,1.00
Australia,2021-10-17,15342.0,53.0,0.98,0.95
Australia,2021-10-24,12018.0,53.0,0.78,1.00
Australia,2021-10-31,9750.0,52.0,0.81,0.98
Australia,2021-11-07,9294.0,53.0,0.95,1.02
Australia,2021-11-14,8834.0,50.0,0.95,0.94
Australia,2021-11-21,9542.0,46.0,1.08,0.92
Australia,2021-11-28,9852.0,48.0,1.03,1.04
Australia,2021-12-05,11089.0,46.0,1.13,0.96
Australia,2021-12-12,21726.0,39.0,1.96,0.85
Australia,2021-12-19,49943.0,24.0,2.30,0.62
Australia,2021-12-26,162361.0,20.0,3.25,0.83
Australia,2022-01-02,509502.0,29.0,3.14,1.45
Australia,2022-01-09,753659.0,37.0,1.48,1.28
Australia,2022-01-16,470754.0,41.0,0.62,1.11
Australia,2022-01-23,373653.0,44.0,0.79,1.07
Australia,2022-01-30,183593.0,55.0,0.49,1.25
Australia,2022-02-06,175034.0,57.0,0.95,1.04
Australia,2022-02-13,130918.0,58.0,0.75,1.02
Australia,2022-02-20,157479.0,56.0,1.20,0.97
Australia,2022-02-27,173918.0,56.0,1.10,1.00
Australia,2022-03-06,234431.0,55.0,1.35,0.98
Australia,2022-03-13,303672.0,52.0,1.30,0.95
Australia,2022-03-20,375072.0,53.0,1.24,1.02
Australia,2022-03-27,401050.0,53.0,1.07,1.00
Australia,2022-04-03,383382.0,47.0,0.96,0.89
Australia,2022-04-10,249216.0,33.0,0.65,0.70
Brazil,2020-01-26,0.0,58.0,0,1
Brazil,2020-02-02,0.0,34.0,0,0.59
Brazil,2020-02-09,0.0,23.0,0,0.68
Brazil,2020-02-16,0.0,19.0,0,0.83
Brazil,2020-02-23,2.0,19.0,1,1.00
Brazil,2020-03-01,11.0,14.0,5.50,0.74
Brazil,2020-03-08,138.0,13.0,12.55,0.93
Brazil,2020-03-15,870.0,17.0,6.30,1.31
Brazil,2020-03-22,2883.0,21.0,3.31,1.24
Brazil,2020-03-29,6456.0,19.0,2.24,0.90
Brazil,2020-04-05,10367.0,16.0,1.61,0.84
Brazil,2020-04-12,15931.0,17.0,1.54,1.06
Brazil,2020-04-19,22666.0,15.0,1.42,0.88
Brazil,2020-04-26,37776.0,15.0,1.67,1.00
Brazil,2020-05-03,58961.0,17.0,1.56,1.13
Brazil,2020-05-10,77450.0,15.0,1.31,0.88
Brazil,2020-05-17,118054.0,13.0,1.52,0.87
Brazil,2020-05-24,151349.0,14.0,1.28,1.08
Brazil,2020-05-31,173979.0,12.0,1.15,0.86
Brazil,2020-06-07,175018.0,13.0,1.01,1.08
Brazil,2020-06-14,254421.0,12.0,1.45,0.92
Brazil,2020-06-21,232020.0,13.0,0.91,1.08
Brazil,2020-06-28,261946.0,13.0,1.13,1.00
Brazil,2020-07-05,263816.0,12.0,1.01,0.92
Brazil,2020-07-12,233669.0,12.0,0.89,1.00
Brazil,2020-07-19,321006.0,11.0,1.37,0.92
Brazil,2020-07-26,312999.0,11.0,0.98,1.00
Brazil,2020-08-02,306405.0,11.0,0.98,1.00
Brazil,2020-08-09,301711.0,10.0,0.98,0.91
Brazil,2020-08-16,266478.0,11.0,0.88,1.10
Brazil,2020-08-23,263484.0,11.0,0.99,1.00
Brazil,2020-08-30,275746.0,11.0,1.05,1.00
Brazil,2020-09-06,193155.0,10.0,0.70,0.91
Brazil,2020-09-13,212174.0,11.0,1.10,1.10
Brazil,2020-09-20,189813.0,12.0,0.89,1.09
Brazil,2020-09-27,188016.0,10.0,0.99,0.83
Brazil,2020-10-04,175539.0,9.0,0.93,0.90
Brazil,2020-10-11,141828.0,9.0,0.81,1.00
Brazil,2020-10-18,158001.0,9.0,1.11,1.00
Brazil,2020-10-25,153421.0,9.0,0.97,1.00
Brazil,2020-11-01,118124.0,9.0,0.77,1.00
Brazil,2020-11-08,195502.0,9.0,1.66,1.00
Brazil,2020-11-15,204746.0,7.0,1.05,0.78
Brazil,2020-11-22,241123.0,8.0,1.18,1.14
Brazil,2020-11-29,283259.0,8.0,1.17,1.00
Brazil,2020-12-06,304265.0,8.0,1.07,1.00
Brazil,2020-12-13,333359.0,7.0,1.10,0.88
Brazil,2020-12-20,251400.0,6.0,0.75,0.86
Brazil,2020-12-27,249783.0,8.0,0.99,1.33
Brazil,2021-01-03,361767.0,15.0,1.45,1.88
Brazil,2021-01-10,379896.0,11.0,1.05,0.73
Brazil,2021-01-17,360828.0,12.0,0.95,1.09
Brazil,2021-01-24,358806.0,11.0,0.99,0.92
Brazil,2021-01-31,322189.0,10.0,0.90,0.91
Brazil,2021-02-07,314475.0,11.0,0.98,1.10
Brazil,2021-02-14,327047.0,10.0,1.04,0.91
Brazil,2021-02-21,380394.0,10.0,1.16,1.00
Brazil,2021-02-28,421775.0,10.0,1.11,1.00
Brazil,2021-03-07,500915.0,10.0,1.19,1.00
Brazil,2021-03-14,511398.0,10.0,1.02,1.00
Brazil,2021-03-21,539839.0,11.0,1.06,1.10
Brazil,2021-03-28,461242.0,9.0,0.85,0.82
Brazil,2021-04-04,492037.0,10.0,1.07,1.11
Brazil,2021-04-11,460227.0,10.0,0.94,1.00
Brazil,2021-04-18,403161.0,10.0,0.88,1.00
Brazil,2021-04-25,418076.0,10.0,1.04,1.00
Brazil,2021-05-02,425079.0,9.0,1.02,0.90
Brazil,2021-05-09,440670.0,9.0,1.04,1.00
Brazil,2021-05-16,456144.0,9.0,1.04,1.00
Brazil,2021-05-23,424543.0,9.0,0.93,1.00
Brazil,2021-05-30,434152.0,10.0,1.02,1.11
Brazil,2021-06-06,471968.0,10.0,1.09,1.00
Brazil,2021-06-13,503215.0,9.0,1.07,0.90
Brazil,2021-06-20,503991.0,11.0,1.00,1.22
Brazil,2021-06-27,355573.0,9.0,0.71,0.82
Brazil,2021-07-04,325967.0,8.0,0.92,0.89
Brazil,2021-07-11,289386.0,9.0,0.89,1.12
Brazil,2021-07-18,310937.0,9.0,1.07,1.00
Brazil,2021-07-25,247125.0,8.0,0.79,0.89
Brazil,2021-08-01,233949.0,7.0,0.95,0.88
Brazil,2021-08-08,198496.0,8.0,0.85,1.14
Brazil,2021-08-15,206682.0,9.0,1.04,1.12
Brazil,2021-08-22,173013.0,9.0,0.84,1.00
Brazil,2021-08-29,147610.0,10.0,0.85,1.11
Brazil,2021-09-05,113659.0,12.0,0.77,1.20
Brazil,2021-09-12,114140.0,48.0,1.00,4.00
Brazil,2021-09-19,123868.0,100.0,1.09,2.08
Brazil,2021-09-26,104369.0,47.0,0.84,0.47
Brazil,2021-10-03,109317.0,28.0,1.05,0.60
Brazil,2021-10-10,70423.0,22.0,0.64,0.79
Brazil,2021-10-17,86734.0,15.0,1.23,0.68
Brazil,2021-10-24,79211.0,13.0,0.91,0.87
Brazil,2021-10-31,70402.0,11.0,0.89,0.85
Brazil,2021-11-07,78827.0,11.0,1.12,1.00
Brazil,2021-11-14,58715.0,10.0,0.74,0.91
Brazil,2021-11-21,65394.0,8.0,1.11,0.80
Brazil,2021-11-28,60552.0,9.0,0.93,1.12
Brazil,2021-12-05,49480.0,9.0,0.82,1.00
Brazil,2021-12-12,24247.0,9.0,0.49,1.00
Brazil,2021-12-19,22185.0,7.0,0.91,0.78
Brazil,2021-12-26,57324.0,8.0,2.58,1.14
Brazil,2022-01-02,203904.0,9.0,3.56,1.12
Brazil,2022-01-09,482326.0,8.0,2.37,0.89
Brazil,2022-01-16,949758.0,8.0,1.97,1.00
Brazil,2022-01-23,1324589.0,9.0,1.39,1.12
Brazil,2022-01-30,1228348.0,9.0,0.93,1.00
Brazil,2022-02-06,949740.0,8.0,0.77,0.89
Brazil,2022-02-13,743081.0,8.0,0.78,1.00
Brazil,2022-02-20,572185.0,8.0,0.77,1.00
Brazil,2022-02-27,291248.0,8.0,0.51,1.00
Brazil,2022-03-06,320224.0,8.0,1.10,1.00
Brazil,2022-03-13,263411.0,8.0,0.82,1.00
Brazil,2022-03-20,214668.0,8.0,0.81,1.00
Brazil,2022-03-27,156472.0,9.0,0.73,1.12
Brazil,2022-04-03,151194.0,8.0,0.97,0.89
Brazil,2022-04-10,87255.0,9.0,0.58,1.12
Canada,2020-01-26,1.0,90.0,1,1
Canada,2020-02-02,4.0,88.0,4.00,0.98
Canada,2020-02-09,1.0,80.0,0.25,0.91
Canada,2020-02-16,5.0,75.0,5.00,0.94
Canada,2020-02-23,19.0,79.0,3.80,1.05
Canada,2020-03-01,65.0,76.0,3.42,0.96
Canada,2020-03-08,355.0,72.0,5.46,0.95
Canada,2020-03-15,1742.0,72.0,4.91,1.00
Canada,2020-03-22,5115.0,67.0,2.94,0.93
Canada,2020-03-29,9100.0,73.0,1.78,1.09
Canada,2020-04-05,9214.0,63.0,1.01,0.86
Canada,2020-04-12,11993.0,59.0,1.30,0.94
Canada,2020-04-19,11879.0,61.0,0.99,1.03
Canada,2020-04-26,10885.0,72.0,0.92,1.18
Canada,2020-05-03,9163.0,68.0,0.84,0.94
Canada,2020-05-10,7942.0,67.0,0.87,0.99
Canada,2020-05-17,7664.0,63.0,0.96,0.94
Canada,2020-05-24,6187.0,60.0,0.81,0.95
Canada,2020-05-31,4468.0,63.0,0.72,1.05
Canada,2020-06-07,3001.0,63.0,0.67,1.00
Canada,2020-06-14,2535.0,65.0,0.84,1.03
Canada,2020-06-21,2324.0,62.0,0.92,0.95
Canada,2020-06-28,2060.0,53.0,0.89,0.85
Canada,2020-07-05,2065.0,56.0,1.00,1.06
Canada,2020-07-12,2983.0,57.0,1.44,1.02
Canada,2020-07-19,3399.0,59.0,1.14,1.04
Canada,2020-07-26,2968.0,65.0,0.87,1.10
Canada,2020-08-02,2512.0,59.0,0.85,0.91
Canada,2020-08-09,2617.0,64.0,1.04,1.08
Canada,2020-08-16,2791.0,64.0,1.07,1.00
Canada,2020-08-23,3223.0,65.0,1.15,1.02
Canada,2020-08-30,4085.0,70.0,1.27,1.08
Canada,2020-09-06,5268.0,66.0,1.29,0.94
Canada,2020-09-13,7201.0,72.0,1.37,1.09
Canada,2020-09-20,10109.0,72.0,1.40,1.00
Canada,2020-09-27,13426.0,68.0,1.33,0.94
Canada,2020-10-04,14958.0,66.0,1.11,0.97
Canada,2020-10-11,16147.0,59.0,1.08,0.89
Canada,2020-10-18,17877.0,62.0,1.11,1.05
Canada,2020-10-25,20490.0,57.0,1.15,0.92
Canada,2020-11-01,26480.0,54.0,1.29,0.95
Canada,2020-11-08,32244.0,59.0,1.22,1.09
Canada,2020-11-15,33977.0,59.0,1.05,1.00
Canada,2020-11-22,39796.0,58.0,1.17,0.98
Canada,2020-11-29,44830.0,62.0,1.13,1.07
Canada,2020-12-06,46127.0,57.0,1.03,0.92
Canada,2020-12-13,48459.0,54.0,1.05,0.95
Canada,2020-12-20,44564.0,34.0,0.92,0.63
Canada,2020-12-27,48075.0,37.0,1.08,1.09
Canada,2021-01-03,60792.0,63.0,1.26,1.70
Canada,2021-01-10,47487.0,65.0,0.78,1.03
Canada,2021-01-17,37892.0,67.0,0.80,1.03
Canada,2021-01-24,31146.0,60.0,0.82,0.90
Canada,2021-01-31,25309.0,65.0,0.81,1.08
Canada,2021-02-07,21849.0,57.0,0.86,0.88
Canada,2021-02-14,20185.0,58.0,0.92,1.02
Canada,2021-02-21,20834.0,61.0,1.03,1.05
Canada,2021-02-28,20863.0,58.0,1.00,0.95
Canada,2021-03-07,22401.0,58.0,1.07,1.00
Canada,2021-03-14,24989.0,55.0,1.12,0.95
Canada,2021-03-21,32135.0,55.0,1.29,1.00
Canada,2021-03-28,39324.0,56.0,1.22,1.02
Canada,2021-04-04,57266.0,55.0,1.46,0.98
Canada,2021-04-11,60968.0,54.0,1.06,0.98
Canada,2021-04-18,57357.0,58.0,0.94,1.07
Canada,2021-04-25,55109.0,55.0,0.96,0.95
Canada,2021-05-02,51382.0,57.0,0.93,1.04
Canada,2021-05-09,42323.0,56.0,0.82,0.98
Canada,2021-05-16,31013.0,51.0,0.73,0.91
Canada,2021-05-23,19870.0,52.0,0.64,1.02
Canada,2021-05-30,13696.0,52.0,0.69,1.00
Canada,2021-06-06,9547.0,50.0,0.70,0.96
Canada,2021-06-13,6792.0,52.0,0.71,1.04
Canada,2021-06-20,4530.0,48.0,0.67,0.92
Canada,2021-06-27,3610.0,38.0,0.80,0.79
Canada,2021-07-04,3235.0,45.0,0.90,1.18
Canada,2021-07-11,2572.0,40.0,0.80,0.89
Canada,2021-07-18,3112.0,41.0,1.21,1.02
Canada,2021-07-25,4983.0,41.0,1.60,1.00
Canada,2021-08-01,7773.0,39.0,1.56,0.95
Canada,2021-08-08,12754.0,42.0,1.64,1.08
Canada,2021-08-15,16811.0,47.0,1.32,1.12
Canada,2021-08-22,20960.0,50.0,1.25,1.06
Canada,2021-08-29,25015.0,55.0,1.19,1.10
Canada,2021-09-05,26318.0,60.0,1.05,1.09
Canada,2021-09-12,31929.0,76.0,1.21,1.27
Canada,2021-09-19,28743.0,100.0,0.90,1.32
Canada,2021-09-26,30831.0,81.0,1.07,0.81
Canada,2021-10-03,26146.0,71.0,0.85,0.88
Canada,2021-10-10,21095.0,67.0,0.81,0.94
Canada,2021-10-17,18981.0,67.0,0.90,1.00
Canada,2021-10-24,16280.0,60.0,0.86,0.90
Canada,2021-10-31,15599.0,62.0,0.96,1.03
Canada,2021-11-07,17927.0,60.0,1.15,0.97
Canada,2021-11-14,17506.0,61.0,0.98,1.02
Canada,2021-11-21,20434.0,59.0,1.17,0.97
Canada,2021-11-28,21184.0,61.0,1.04,1.03
Canada,2021-12-05,27533.0,57.0,1.30,0.93
Canada,2021-12-12,48300.0,52.0,1.75,0.91
Canada,2021-12-19,127052.0,33.0,2.63,0.63
Canada,2021-12-26,242609.0,35.0,1.91,1.06
Canada,2022-01-02,271897.0,57.0,1.12,1.63
Canada,2022-01-09,242701.0,61.0,0.89,1.07
Canada,2022-01-16,158962.0,60.0,0.65,0.98
Canada,2022-01-23,114776.0,62.0,0.72,1.03
Canada,2022-01-30,88753.0,61.0,0.77,0.98
Canada,2022-02-06,69446.0,59.0,0.78,0.97
Canada,2022-02-13,47502.0,56.0,0.68,0.95
Canada,2022-02-20,40113.0,53.0,0.84,0.95
Canada,2022-02-27,43581.0,56.0,1.09,1.06
Canada,2022-03-06,37451.0,57.0,0.86,1.02
Canada,2022-03-13,30782.0,51.0,0.82,0.89
Canada,2022-03-20,47067.0,54.0,1.53,1.06
Canada,2022-03-27,56504.0,52.0,1.20,0.96
Canada,2022-04-03,39228.0,57.0,0.69,1.10
Canada,2022-04-10,82753.0,50.0,2.11,0.88
Cuba,2020-01-26,0.0,14.0,0,1
Cuba,2020-02-02,0.0,36.0,0,2.57
Cuba,2020-02-09,0.0,56.0,0,1.56
Cuba,2020-02-16,0.0,18.0,0,0.32
Cuba,2020-02-23,0.0,31.0,0,1.72
Cuba,2020-03-01,0.0,30.0,0,0.97
Cuba,2020-03-08,4.0,21.0,1,0.70
Cuba,2020-03-15,17.0,21.0,4.25,1.00
Cuba,2020-03-22,98.0,22.0,5.76,1.05
Cuba,2020-03-29,169.0,31.0,1.72,1.41
Cuba,2020-04-05,332.0,22.0,1.96,0.71
Cuba,2020-04-12,366.0,55.0,1.10,2.50
Cuba,2020-04-19,351.0,31.0,0.96,0.56
Cuba,2020-04-26,274.0,18.0,0.78,0.58
Cuba,2020-05-03,143.0,28.0,0.52,1.56
Cuba,2020-05-10,108.0,21.0,0.76,0.75
Cuba,2020-05-17,69.0,44.0,0.64,2.10
Cuba,2020-05-24,94.0,43.0,1.36,0.98
Cuba,2020-05-31,148.0,23.0,1.57,0.53
Cuba,2020-06-07,65.0,39.0,0.44,1.70
Cuba,2020-06-14,71.0,9.0,1.09,0.23
Cuba,2020-06-21,21.0,13.0,0.30,1.44
Cuba,2020-06-28,39.0,13.0,1.86,1.00
Cuba,2020-07-05,51.0,9.0,1.31,0.69
Cuba,2020-07-12,25.0,13.0,0.49,1.44
Cuba,2020-07-19,33.0,18.0,1.32,1.38
Cuba,2020-07-26,155.0,21.0,4.70,1.17
Cuba,2020-08-02,255.0,12.0,1.65,0.57
Cuba,2020-08-09,404.0,4.0,1.58,0.33
Cuba,2020-08-16,325.0,28.0,0.80,7.00
Cuba,2020-08-23,308.0,8.0,0.95,0.29
Cuba,2020-08-30,373.0,26.0,1.21,3.25
Cuba,2020-09-06,355.0,25.0,0.95,0.96
Cuba,2020-09-13,402.0,16.0,1.13,0.64
Cuba,2020-09-20,357.0,17.0,0.89,1.06
Cuba,2020-09-27,368.0,8.0,1.03,0.47
Cuba,2020-10-04,168.0,21.0,0.46,2.62
Cuba,2020-10-11,222.0,13.0,1.32,0.62
Cuba,2020-10-18,364.0,22.0,1.64,1.69
Cuba,2020-10-25,353.0,24.0,0.97,1.09
Cuba,2020-11-01,380.0,14.0,1.08,0.58
Cuba,2020-11-08,301.0,12.0,0.79,0.86
Cuba,2020-11-15,230.0,8.0,0.76,0.67
Cuba,2020-11-22,375.0,8.0,1.63,1.00
Cuba,2020-11-29,541.0,28.0,1.44,3.50
Cuba,2020-12-06,640.0,11.0,1.18,0.39
Cuba,2020-12-13,670.0,6.0,1.05,0.55
Cuba,2020-12-20,1014.0,18.0,1.51,3.00
Cuba,2020-12-27,1187.0,8.0,1.17,0.44
Cuba,2021-01-03,1963.0,16.0,1.65,2.00
Cuba,2021-01-10,3313.0,20.0,1.69,1.25
Cuba,2021-01-17,3126.0,10.0,0.94,0.50
Cuba,2021-01-24,5047.0,22.0,1.61,2.20
Cuba,2021-01-31,6337.0,22.0,1.26,1.00
Cuba,2021-02-07,5472.0,9.0,0.86,0.41
Cuba,2021-02-14,6001.0,12.0,1.10,1.33
Cuba,2021-02-21,5677.0,25.0,0.95,2.08
Cuba,2021-02-28,5674.0,18.0,1.00,0.72
Cuba,2021-03-07,5723.0,23.0,1.01,1.28
Cuba,2021-03-14,5404.0,16.0,0.94,0.70
Cuba,2021-03-21,5622.0,15.0,1.04,0.94
Cuba,2021-03-28,6798.0,18.0,1.21,1.20
Cuba,2021-04-04,7190.0,14.0,1.06,0.78
Cuba,2021-04-11,6902.0,18.0,0.96,1.29
Cuba,2021-04-18,7844.0,31.0,1.14,1.72
Cuba,2021-04-25,7304.0,9.0,0.93,0.29
Cuba,2021-05-02,7290.0,30.0,1.00,3.33
Cuba,2021-05-09,8309.0,21.0,1.14,0.70
Cuba,2021-05-16,8611.0,27.0,1.04,1.29
Cuba,2021-05-23,8255.0,24.0,0.96,0.89
Cuba,2021-05-30,7744.0,18.0,0.94,0.75
Cuba,2021-06-06,8407.0,15.0,1.09,0.83
Cuba,2021-06-13,10130.0,9.0,1.20,0.60
Cuba,2021-06-20,13288.0,12.0,1.31,1.33
Cuba,2021-06-27,21072.0,22.0,1.59,1.83
Cuba,2021-07-04,30840.0,22.0,1.46,1.00
Cuba,2021-07-11,44040.0,17.0,1.43,0.77
Cuba,2021-07-18,48507.0,24.0,1.10,1.41
Cuba,2021-07-25,60481.0,17.0,1.25,0.71
Cuba,2021-08-01,64196.0,17.0,1.06,1.00
Cuba,2021-08-08,60240.0,32.0,0.94,1.88
Cuba,2021-08-15,64719.0,13.0,1.07,0.41
Cuba,2021-08-22,60410.0,23.0,0.93,1.77
Cuba,2021-08-29,46292.0,23.0,0.77,1.00
Cuba,2021-09-05,56715.0,11.0,1.23,0.48
Cuba,2021-09-12,55765.0,39.0,0.98,3.55
Cuba,2021-09-19,54561.0,98.0,0.98,2.51
Cuba,2021-09-26,39856.0,100.0,0.73,1.02
Cuba,2021-10-03,27429.0,55.0,0.69,0.55
Cuba,2021-10-10,17989.0,41.0,0.66,0.75
Cuba,2021-10-17,11663.0,44.0,0.65,1.07
Cuba,2021-10-24,6894.0,25.0,0.59,0.57
Cuba,2021-10-31,4173.0,24.0,0.61,0.96
Cuba,2021-11-07,2892.0,21.0,0.69,0.88
Cuba,2021-11-14,2082.0,13.0,0.72,0.62
Cuba,2021-11-21,1595.0,15.0,0.77,1.15
Cuba,2021-11-28,935.0,25.0,0.59,1.67
Cuba,2021-12-05,564.0,17.0,0.60,0.68
Cuba,2021-12-12,469.0,12.0,0.83,0.71
Cuba,2021-12-19,572.0,3.0,1.22,0.25
Cuba,2021-12-26,1866.0,14.0,3.26,4.67
Cuba,2022-01-02,8214.0,22.0,4.40,1.57
Cuba,2022-01-09,20944.0,19.0,2.55,0.86
Cuba,2022-01-16,22973.0,21.0,1.10,1.11
Cuba,2022-01-23,21238.0,9.0,0.92,0.43
Cuba,2022-01-30,12378.0,11.0,0.58,1.22
Cuba,2022-02-06,7614.0,12.0,0.62,1.09
Cuba,2022-02-13,4923.0,20.0,0.65,1.67
Cuba,2022-02-20,4000.0,9.0,0.81,0.45
Cuba,2022-02-27,3717.0,13.0,0.93,1.44
Cuba,2022-03-06,3755.0,13.0,1.01,1.00
Cuba,2022-03-13,4457.0,19.0,1.19,1.46
Cuba,2022-03-20,5675.0,9.0,1.27,0.47
Cuba,2022-03-27,5491.0,0.0,0.97,0
Cuba,2022-04-03,4382.0,6.0,0.80,1
Cuba,2022-04-10,2329.0,14.0,0.53,2.33
France,2020-01-26,3.0,65.0,1,1
France,2020-02-02,5.0,49.0,1.67,0.75
France,2020-02-09,1.0,42.0,0.20,0.86
France,2020-02-16,0.0,36.0,0,0.86
France,2020-02-23,88.0,36.0,1,1.00
France,2020-03-01,848.0,41.0,9.64,1.14
France,2020-03-08,3545.0,49.0,4.18,1.20
France,2020-03-15,9951.0,53.0,2.81,1.08
France,2020-03-22,23204.0,42.0,2.33,0.79
France,2020-03-29,26747.0,50.0,1.15,1.19
France,2020-04-05,14150.0,34.0,0.53,0.68
France,2020-04-12,92812.0,34.0,6.56,1.00
France,2020-04-19,12493.0,34.0,0.13,1.00
France,2020-04-26,9986.0,36.0,0.80,1.06
France,2020-05-03,7974.0,37.0,0.80,1.03
France,2020-05-10,3408.0,31.0,0.43,0.84
France,2020-05-17,3135.0,28.0,0.92,0.90
France,2020-05-24,6483.0,34.0,2.07,1.21
France,2020-05-31,6151.0,27.0,0.95,0.79
France,2020-06-07,3454.0,31.0,0.56,1.15
France,2020-06-14,3670.0,41.0,1.06,1.32
France,2020-06-21,3417.0,31.0,0.93,0.76
France,2020-06-28,3513.0,33.0,1.03,1.06
France,2020-07-05,3715.0,40.0,1.06,1.21
France,2020-07-12,3785.0,22.0,1.02,0.55
France,2020-07-19,5842.0,23.0,1.54,1.05
France,2020-07-26,7285.0,20.0,1.25,0.87
France,2020-08-02,10093.0,18.0,1.39,0.90
France,2020-08-09,17475.0,20.0,1.73,1.11
France,2020-08-16,22743.0,25.0,1.30,1.25
France,2020-08-23,34631.0,36.0,1.52,1.44
France,2020-08-30,45047.0,40.0,1.30,1.11
France,2020-09-06,56982.0,37.0,1.26,0.93
France,2020-09-13,67472.0,39.0,1.18,1.05
France,2020-09-20,85310.0,35.0,1.26,0.90
France,2020-09-27,78895.0,33.0,0.92,0.94
France,2020-10-04,112726.0,29.0,1.43,0.88
France,2020-10-11,148284.0,34.0,1.32,1.17
France,2020-10-18,218839.0,26.0,1.48,0.76
France,2020-10-25,281379.0,42.0,1.29,1.62
France,2020-11-01,427902.0,34.0,1.52,0.81
France,2020-11-08,205943.0,31.0,0.48,0.91
France,2020-11-15,172137.0,30.0,0.84,0.97
France,2020-11-22,82001.0,28.0,0.48,0.93
France,2020-11-29,72907.0,24.0,0.89,0.86
France,2020-12-06,83877.0,26.0,1.15,1.08
France,2020-12-13,95305.0,24.0,1.14,0.92
France,2020-12-20,90368.0,15.0,0.95,0.62
France,2020-12-27,92430.0,18.0,1.02,1.20
France,2021-01-03,124081.0,30.0,1.34,1.67
France,2021-01-10,127112.0,31.0,1.02,1.03
France,2021-01-17,141131.0,33.0,1.11,1.06
France,2021-01-24,142698.0,34.0,1.01,1.03
France,2021-01-31,139555.0,30.0,0.98,0.88
France,2021-02-07,131418.0,29.0,0.94,0.97
France,2021-02-14,134647.0,25.0,1.02,0.86
France,2021-02-21,153116.0,25.0,1.14,1.00
France,2021-02-28,146478.0,27.0,0.96,1.08
France,2021-03-07,162911.0,29.0,1.11,1.07
France,2021-03-14,206788.0,29.0,1.27,1.00
France,2021-03-21,256625.0,29.0,1.24,1.00
France,2021-03-28,233454.0,31.0,0.91,1.07
France,2021-04-04,198973.0,29.0,0.85,0.94
France,2021-04-11,319402.0,21.0,1.61,0.72
France,2021-04-18,213430.0,23.0,0.67,1.10
France,2021-04-25,168820.0,29.0,0.79,1.26
France,2021-05-02,125667.0,28.0,0.74,0.97
France,2021-05-09,95880.0,22.0,0.76,0.79
France,2021-05-16,79047.0,27.0,0.82,1.23
France,2021-05-23,64523.0,27.0,0.82,1.00
France,2021-05-30,49381.0,24.0,0.77,0.89
France,2021-06-06,30237.0,25.0,0.61,1.04
France,2021-06-13,17804.0,28.0,0.59,1.12
France,2021-06-20,13041.0,27.0,0.73,0.96
France,2021-06-27,15267.0,26.0,1.17,0.96
France,2021-07-04,24785.0,37.0,1.62,1.42
France,2021-07-11,46929.0,20.0,1.89,0.54
France,2021-07-18,123561.0,19.0,2.63,0.95
France,2021-07-25,148542.0,19.0,1.20,1.00
France,2021-08-01,157971.0,14.0,1.06,0.74
France,2021-08-08,165336.0,15.0,1.05,1.07
France,2021-08-15,152823.0,20.0,0.92,1.33
France,2021-08-22,126795.0,26.0,0.83,1.30
France,2021-08-29,97184.0,33.0,0.77,1.27
France,2021-09-05,71553.0,38.0,0.74,1.15
France,2021-09-12,52248.0,61.0,0.73,1.61
France,2021-09-19,40186.0,100.0,0.77,1.64
France,2021-09-26,33767.0,62.0,0.84,0.62
France,2021-10-03,29244.0,48.0,0.87,0.77
France,2021-10-10,32822.0,43.0,1.12,0.90
France,2021-10-17,35600.0,38.0,1.08,0.88
France,2021-10-24,39717.0,29.0,1.12,0.76
France,2021-10-31,48411.0,26.0,1.22,0.90
France,2021-11-07,66247.0,30.0,1.37,1.15
France,2021-11-14,120091.0,32.0,1.81,1.07
France,2021-11-21,193042.0,32.0,1.61,1.00
France,2021-11-28,286637.0,30.0,1.48,0.94
France,2021-12-05,340003.0,29.0,1.19,0.97
France,2021-12-12,362560.0,27.0,1.07,0.93
France,2021-12-19,511020.0,21.0,1.41,0.78
France,2021-12-26,1103933.0,22.0,2.16,1.05
France,2022-01-02,1624561.0,38.0,1.47,1.73
France,2022-01-09,2082263.0,43.0,1.28,1.13
France,2022-01-16,2498348.0,37.0,1.20,0.86
France,2022-01-23,2418256.0,36.0,0.97,0.97
France,2022-01-30,1794307.0,31.0,0.74,0.86
France,2022-02-06,1019920.0,27.0,0.57,0.87
France,2022-02-13,605662.0,27.0,0.59,1.00
France,2022-02-20,418979.0,26.0,0.69,0.96
France,2022-02-27,365323.0,25.0,0.87,0.96
France,2022-03-06,439805.0,31.0,1.20,1.24
France,2022-03-13,604074.0,32.0,1.37,1.03
France,2022-03-20,863574.0,31.0,1.43,0.97
France,2022-03-27,976700.0,31.0,1.13,1.00
France,2022-04-03,944367.0,29.0,0.97,0.94
France,2022-04-10,607898.0,25.0,0.64,0.86
Germany,2020-01-26,8.0,61.0,1,1
Germany,2020-02-02,5.0,45.0,0.62,0.74
Germany,2020-02-09,3.0,34.0,0.60,0.76
Germany,2020-02-16,0.0,32.0,0,0.94
Germany,2020-02-23,50.0,28.0,1,0.88
Germany,2020-03-01,618.0,23.0,12.36,0.82
Germany,2020-03-08,3111.0,21.0,5.03,0.91
Germany,2020-03-15,12867.0,21.0,4.14,1.00
Germany,2020-03-22,31920.0,22.0,2.48,1.05
Germany,2020-03-29,37196.0,24.0,1.17,1.09
Germany,2020-04-05,31880.0,20.0,0.86,0.83
Germany,2020-04-12,19781.0,21.0,0.62,1.05
Germany,2020-04-19,14999.0,22.0,0.76,1.05
Germany,2020-04-26,9265.0,21.0,0.62,0.95
Germany,2020-05-03,6848.0,18.0,0.74,0.86
Germany,2020-05-10,5221.0,17.0,0.76,0.94
Germany,2020-05-17,4078.0,17.0,0.78,1.00
Germany,2020-05-24,3346.0,18.0,0.82,1.06
Germany,2020-05-31,2482.0,17.0,0.74,0.94
Germany,2020-06-07,2344.0,16.0,0.94,0.94
Germany,2020-06-14,3113.0,16.0,1.33,1.00
Germany,2020-06-21,4108.0,17.0,1.32,1.06
Germany,2020-06-28,2853.0,18.0,0.69,1.06
Germany,2020-07-05,2460.0,16.0,0.86,0.89
Germany,2020-07-12,2816.0,17.0,1.14,1.06
Germany,2020-07-19,3592.0,19.0,1.28,1.12
Germany,2020-07-26,4689.0,17.0,1.31,0.89
Germany,2020-08-02,5683.0,15.0,1.21,0.88
Germany,2020-08-09,7492.0,15.0,1.32,1.00
Germany,2020-08-16,9254.0,17.0,1.24,1.13
Germany,2020-08-23,8904.0,15.0,0.96,0.88
Germany,2020-08-30,8011.0,18.0,0.90,1.20
Germany,2020-09-06,9483.0,17.0,1.18,0.94
Germany,2020-09-13,11590.0,18.0,1.22,1.06
Germany,2020-09-20,12660.0,17.0,1.09,0.94
Germany,2020-09-27,14228.0,16.0,1.12,0.94
Germany,2020-10-04,22423.0,17.0,1.58,1.06
Germany,2020-10-11,37006.0,16.0,1.65,0.94
Germany,2020-10-18,61618.0,16.0,1.67,1.00
Germany,2020-10-25,100748.0,16.0,1.64,1.00
Germany,2020-11-01,123735.0,15.0,1.23,0.94
Germany,2020-11-08,131068.0,18.0,1.06,1.20
Germany,2020-11-15,128972.0,16.0,0.98,0.89
Germany,2020-11-22,125561.0,16.0,0.97,1.00
Germany,2020-11-29,125467.0,17.0,1.00,1.06
Germany,2020-12-06,146960.0,15.0,1.17,0.88
Germany,2020-12-13,170722.0,15.0,1.16,1.00
Germany,2020-12-20,155865.0,13.0,0.91,0.87
Germany,2020-12-27,128248.0,16.0,0.82,1.23
Germany,2021-01-03,136230.0,19.0,1.06,1.19
Germany,2021-01-10,128055.0,19.0,0.94,1.00
Germany,2021-01-17,103043.0,20.0,0.80,1.05
Germany,2021-01-24,82492.0,19.0,0.80,0.95
Germany,2021-01-31,70223.0,18.0,0.85,0.95
Germany,2021-02-07,53053.0,21.0,0.76,1.17
Germany,2021-02-14,50436.0,19.0,0.95,0.90
Germany,2021-02-21,55563.0,17.0,1.10,0.89
Germany,2021-02-28,57633.0,17.0,1.04,1.00
Germany,2021-03-07,66376.0,17.0,1.15,1.00
Germany,2021-03-14,87328.0,15.0,1.32,0.88
Germany,2021-03-21,109442.0,16.0,1.25,1.07
Germany,2021-03-28,117965.0,15.0,1.08,0.94
Germany,2021-04-04,107223.0,14.0,0.91,0.93
Germany,2021-04-11,142664.0,16.0,1.33,1.14
Germany,2021-04-18,145568.0,16.0,1.02,1.00
Germany,2021-04-25,131887.0,16.0,0.91,1.00
Germany,2021-05-02,107141.0,15.0,0.81,0.94
Germany,2021-05-09,77261.0,14.0,0.72,0.93
Germany,2021-05-16,57310.0,15.0,0.74,1.07
Germany,2021-05-23,33052.0,14.0,0.58,0.93
Germany,2021-05-30,22631.0,13.0,0.68,0.93
Germany,2021-06-06,15553.0,13.0,0.69,1.00
Germany,2021-06-13,7659.0,13.0,0.49,1.00
Germany,2021-06-20,5033.0,15.0,0.66,1.15
Germany,2021-06-27,4181.0,14.0,0.83,0.93
Germany,2021-07-04,5067.0,14.0,1.21,1.00
Germany,2021-07-11,7969.0,12.0,1.57,0.86
Germany,2021-07-18,11122.0,15.0,1.40,1.25
Germany,2021-07-25,14654.0,15.0,1.32,1.00
Germany,2021-08-01,18474.0,13.0,1.26,0.87
Germany,2021-08-08,28646.0,12.0,1.55,0.92
Germany,2021-08-15,44862.0,14.0,1.57,1.17
Germany,2021-08-22,62984.0,14.0,1.40,1.00
Germany,2021-08-29,71057.0,17.0,1.13,1.21
Germany,2021-09-05,75107.0,19.0,1.06,1.12
Germany,2021-09-12,64484.0,53.0,0.86,2.79
Germany,2021-09-19,53825.0,100.0,0.83,1.89
Germany,2021-09-26,57532.0,59.0,1.07,0.59
Germany,2021-10-03,56525.0,41.0,0.98,0.69
Germany,2021-10-10,62446.0,33.0,1.10,0.80
Germany,2021-10-17,87318.0,32.0,1.40,0.97
Germany,2021-10-24,128238.0,25.0,1.47,0.78
Germany,2021-10-31,162827.0,23.0,1.27,0.92
Germany,2021-11-07,244481.0,21.0,1.50,0.91
Germany,2021-11-14,324244.0,20.0,1.33,0.95
Germany,2021-11-21,405080.0,19.0,1.25,0.95
Germany,2021-11-28,398775.0,16.0,0.98,0.84
Germany,2021-12-05,361147.0,18.0,0.91,1.12
Germany,2021-12-12,286971.0,17.0,0.79,0.94
Germany,2021-12-19,217093.0,15.0,0.76,0.88
Germany,2021-12-26,195533.0,16.0,0.90,1.07
Germany,2022-01-02,297070.0,19.0,1.52,1.19
Germany,2022-01-09,439589.0,20.0,1.48,1.05
Germany,2022-01-16,682534.0,19.0,1.55,0.95
Germany,2022-01-23,1022238.0,19.0,1.50,1.00
Germany,2022-01-30,1271172.0,18.0,1.24,0.95
Germany,2022-02-06,1330084.0,18.0,1.05,1.00
Germany,2022-02-13,1225593.0,17.0,0.92,0.94
Germany,2022-02-20,1129751.0,16.0,0.92,0.94
Germany,2022-02-27,1099255.0,16.0,0.97,1.00
Germany,2022-03-06,1320644.0,15.0,1.20,0.94
Germany,2022-03-13,1553481.0,15.0,1.18,1.00
Germany,2022-03-20,1596829.0,17.0,1.03,1.13
Germany,2022-03-27,1408497.0,19.0,0.88,1.12
Germany,2022-04-03,1093702.0,16.0,0.78,0.84
Germany,2022-04-10,692114.0,15.0,0.63,0.94
India,2020-01-26,1.0,49.0,1,1
India,2020-02-02,2.0,51.0,2.00,1.04
India,2020-02-09,0.0,49.0,0,0.96
India,2020-02-16,0.0,57.0,0,1.16
India,2020-02-23,0.0,57.0,0,1.00
India,2020-03-01,31.0,48.0,1,0.84
India,2020-03-08,68.0,46.0,2.19,0.96
India,2020-03-15,228.0,42.0,3.35,0.91
India,2020-03-22,657.0,30.0,2.88,0.71
India,2020-03-29,2095.0,32.0,3.19,1.07
India,2020-04-05,5364.0,37.0,2.56,1.16
India,2020-04-12,7276.0,41.0,1.36,1.11
India,2020-04-19,10561.0,40.0,1.45,0.98
India,2020-04-26,13416.0,40.0,1.27,1.00
India,2020-05-03,23109.0,43.0,1.72,1.07
India,2020-05-10,27840.0,43.0,1.20,1.00
India,2020-05-17,40775.0,42.0,1.46,0.98
India,2020-05-24,50404.0,45.0,1.24,1.07
India,2020-05-31,64795.0,45.0,1.29,1.00
India,2020-06-07,74300.0,49.0,1.15,1.09
India,2020-06-14,89529.0,48.0,1.20,0.98
India,2020-06-21,118408.0,52.0,1.32,1.08
India,2020-06-28,144306.0,51.0,1.22,0.98
India,2020-07-05,176357.0,52.0,1.22,1.02
India,2020-07-12,228259.0,56.0,1.29,1.08
India,2020-07-19,307854.0,52.0,1.35,0.93
India,2020-07-26,365088.0,100.0,1.19,1.92
India,2020-08-02,402287.0,59.0,1.10,0.59
India,2020-08-09,436942.0,55.0,1.09,0.93
India,2020-08-16,454988.0,54.0,1.04,0.98
India,2020-08-23,497793.0,55.0,1.09,1.02
India,2020-08-30,571078.0,56.0,1.15,1.02
India,2020-09-06,640545.0,58.0,1.12,1.04
India,2020-09-13,646263.0,57.0,1.01,0.98
India,2020-09-20,591913.0,56.0,0.92,0.98
India,2020-09-27,556841.0,57.0,0.94,1.02
India,2020-10-04,504433.0,52.0,0.91,0.91
India,2020-10-11,440745.0,50.0,0.87,0.96
India,2020-10-18,370260.0,44.0,0.84,0.88
India,2020-10-25,319271.0,46.0,0.86,1.05
India,2020-11-01,323672.0,47.0,1.01,1.02
India,2020-11-08,306825.0,47.0,0.95,1.00
India,2020-11-15,281227.0,47.0,0.92,1.00
India,2020-11-22,297113.0,48.0,1.06,1.02
India,2020-11-29,251303.0,50.0,0.85,1.04
India,2020-12-06,212807.0,50.0,0.85,1.00
India,2020-12-13,174194.0,51.0,0.82,1.02
India,2020-12-20,156627.0,51.0,0.90,1.00
India,2020-12-27,136115.0,47.0,0.87,0.92
India,2021-01-03,126319.0,50.0,0.93,1.06
India,2021-01-10,107701.0,47.0,0.85,0.94
India,2021-01-17,96548.0,50.0,0.90,1.06
India,2021-01-24,91641.0,51.0,0.95,1.02
India,2021-01-31,80189.0,53.0,0.88,1.04
India,2021-02-07,78577.0,49.0,0.98,0.92
India,2021-02-14,86711.0,49.0,1.10,1.00
India,2021-02-21,105080.0,53.0,1.21,1.08
India,2021-02-28,114068.0,53.0,1.09,1.00
India,2021-03-07,148249.0,51.0,1.30,0.96
India,2021-03-14,240082.0,54.0,1.62,1.06
India,2021-03-21,372494.0,50.0,1.55,0.93
India,2021-03-28,513885.0,46.0,1.38,0.92
India,2021-04-04,873296.0,50.0,1.70,1.09
India,2021-04-11,1429198.0,46.0,1.64,0.92
India,2021-04-18,2172169.0,42.0,1.52,0.91
India,2021-04-25,2597285.0,36.0,1.20,0.86
India,2021-05-02,2738624.0,39.0,1.05,1.08
India,2021-05-09,2387996.0,38.0,0.87,0.97
India,2021-05-16,1846055.0,44.0,0.77,1.16
India,2021-05-23,1364668.0,45.0,0.74,1.02
India,2021-05-30,914539.0,50.0,0.67,1.11
India,2021-06-06,630650.0,48.0,0.69,0.96
India,2021-06-13,441783.0,48.0,0.70,1.00
India,2021-06-20,351411.0,48.0,0.80,1.00
India,2021-06-27,312250.0,51.0,0.89,1.06
India,2021-07-04,291789.0,58.0,0.93,1.14
India,2021-07-11,268843.0,56.0,0.92,0.97
India,2021-07-18,265836.0,52.0,0.99,0.93
India,2021-07-25,283923.0,55.0,1.07,1.06
India,2021-08-01,278631.0,54.0,0.98,0.98
India,2021-08-08,258121.0,55.0,0.93,1.02
India,2021-08-15,231658.0,53.0,0.90,0.96
India,2021-08-22,270796.0,57.0,1.17,1.08
India,2021-08-29,293643.0,55.0,1.08,0.96
India,2021-09-05,248248.0,56.0,0.85,1.02
India,2021-09-12,211242.0,72.0,0.85,1.29
India,2021-09-19,204582.0,66.0,0.97,0.92
India,2021-09-26,161158.0,60.0,0.79,0.91
India,2021-10-03,139572.0,56.0,0.87,0.93
India,2021-10-10,114244.0,43.0,0.82,0.77
India,2021-10-17,107749.0,49.0,0.94,1.14
India,2021-10-24,97832.0,51.0,0.91,1.04
India,2021-10-31,82209.0,41.0,0.84,0.80
India,2021-11-07,81798.0,57.0,1.00,1.39
India,2021-11-14,73106.0,54.0,0.89,0.95
India,2021-11-21,62110.0,53.0,0.85,0.98
India,2021-11-28,51837.0,54.0,0.83,1.02
India,2021-12-05,66150.0,60.0,1.28,1.11
India,2021-12-12,42684.0,54.0,0.65,0.90
India,2021-12-19,53608.0,47.0,1.26,0.87
India,2021-12-26,102330.0,43.0,1.91,0.91
India,2022-01-02,638872.0,48.0,6.24,1.12
India,2022-01-09,1594160.0,46.0,2.50,0.96
India,2022-01-16,2115100.0,49.0,1.33,1.07
India,2022-01-23,1855258.0,50.0,0.88,1.02
India,2022-01-30,1095616.0,52.0,0.59,1.04
India,2022-02-06,443283.0,51.0,0.40,0.98
India,2022-02-13,191052.0,52.0,0.43,1.02
India,2022-02-20,93644.0,55.0,0.49,1.06
India,2022-02-27,46836.0,55.0,0.50,1.00
India,2022-03-06,28038.0,52.0,0.60,0.95
India,2022-03-13,16850.0,53.0,0.60,1.02
India,2022-03-20,11612.0,57.0,0.69,1.08
India,2022-03-27,8678.0,58.0,0.75,1.02
India,2022-04-03,7140.0,54.0,0.82,0.93
India,2022-04-10,4701.0,46.0,0.66,0.85
Iran,2020-01-26,0.0,71.0,0,1
Iran,2020-02-02,0.0,52.0,0,0.73
Iran,2020-02-09,0.0,56.0,0,1.08
Iran,2020-02-16,28.0,45.0,1,0.80
Iran,2020-02-23,565.0,52.0,20.18,1.16
Iran,2020-03-01,5230.0,54.0,9.26,1.04
Iran,2020-03-08,6906.0,73.0,1.32,1.35
Iran,2020-03-15,7881.0,67.0,1.14,0.92
Iran,2020-03-22,14798.0,96.0,1.88,1.43
Iran,2020-03-29,20335.0,72.0,1.37,0.75
Iran,2020-04-05,14286.0,55.0,0.70,0.76
Iran,2020-04-12,10839.0,60.0,0.76,1.09
Iran,2020-04-19,8460.0,46.0,0.78,0.77
Iran,2020-04-26,7120.0,40.0,0.84,0.87
Iran,2020-05-03,9772.0,40.0,1.37,1.00
Iran,2020-05-10,12172.0,34.0,1.25,0.85
Iran,2020-05-17,15129.0,41.0,1.24,1.21
Iran,2020-05-24,15429.0,35.0,1.02,0.85
Iran,2020-05-31,20475.0,37.0,1.33,1.06
Iran,2020-06-07,15530.0,38.0,0.76,1.03
Iran,2020-06-14,17629.0,34.0,1.14,0.89
Iran,2020-06-21,17596.0,35.0,1.00,1.03
Iran,2020-06-28,17698.0,36.0,1.01,1.03
Iran,2020-07-05,17239.0,42.0,0.97,1.17
Iran,2020-07-12,16489.0,40.0,0.96,0.95
Iran,2020-07-19,17233.0,33.0,1.05,0.82
Iran,2020-07-26,17913.0,35.0,1.04,1.06
Iran,2020-08-02,17940.0,34.0,1.00,0.97
Iran,2020-08-09,16378.0,33.0,0.91,0.97
Iran,2020-08-16,15722.0,33.0,0.96,1.00
Iran,2020-08-23,15024.0,31.0,0.96,0.94
Iran,2020-08-30,12850.0,33.0,0.86,1.06
Iran,2020-09-06,15274.0,32.0,1.19,0.97
Iran,2020-09-13,19103.0,29.0,1.25,0.91
Iran,2020-09-20,24043.0,29.0,1.26,1.00
Iran,2020-09-27,25033.0,26.0,1.04,0.90
Iran,2020-10-04,28134.0,28.0,1.12,1.08
Iran,2020-10-11,30237.0,34.0,1.07,1.21
Iran,2020-10-18,36215.0,33.0,1.20,0.97
Iran,2020-10-25,50067.0,33.0,1.38,1.00
Iran,2020-11-01,60478.0,28.0,1.21,0.85
Iran,2020-11-08,76275.0,30.0,1.26,1.07
Iran,2020-11-15,91783.0,28.0,1.20,0.93
Iran,2020-11-22,94491.0,31.0,1.03,1.11
Iran,2020-11-29,93187.0,33.0,0.99,1.06
Iran,2020-12-06,71832.0,27.0,0.77,0.82
Iran,2020-12-13,51254.0,29.0,0.71,1.07
Iran,2020-12-20,42891.0,30.0,0.84,1.03
Iran,2020-12-27,42511.0,31.0,0.99,1.03
Iran,2021-01-03,42964.0,24.0,1.01,0.77
Iran,2021-01-10,43957.0,28.0,1.02,1.17
Iran,2021-01-17,42637.0,38.0,0.97,1.36
Iran,2021-01-24,44699.0,25.0,1.05,0.66
Iran,2021-01-31,47639.0,26.0,1.07,1.04
Iran,2021-02-07,51503.0,23.0,1.08,0.88
Iran,2021-02-14,55208.0,24.0,1.07,1.04
Iran,2021-02-21,57078.0,20.0,1.03,0.83
Iran,2021-02-28,58523.0,23.0,1.03,1.15
Iran,2021-03-07,57678.0,24.0,0.99,1.04
Iran,2021-03-14,54445.0,22.0,0.94,0.92
Iran,2021-03-21,53118.0,31.0,0.98,1.41
Iran,2021-03-28,73471.0,30.0,1.38,0.97
Iran,2021-04-04,128684.0,26.0,1.75,0.87
Iran,2021-04-11,166367.0,28.0,1.29,1.08
Iran,2021-04-18,161594.0,27.0,0.97,0.96
Iran,2021-04-25,139118.0,25.0,0.86,0.93
Iran,2021-05-02,124513.0,25.0,0.90,1.00
Iran,2021-05-09,99205.0,29.0,0.80,1.16
Iran,2021-05-16,84012.0,23.0,0.85,0.79
Iran,2021-05-23,69331.0,25.0,0.83,1.09
Iran,2021-05-30,67533.0,27.0,0.97,1.08
Iran,2021-06-06,59771.0,29.0,0.89,1.07
Iran,2021-06-13,66452.0,27.0,1.11,0.93
Iran,2021-06-20,71009.0,33.0,1.07,1.22
Iran,2021-06-27,83054.0,37.0,1.17,1.12
Iran,2021-07-04,114749.0,36.0,1.38,0.97
Iran,2021-07-11,145293.0,31.0,1.27,0.86
Iran,2021-07-18,163207.0,31.0,1.12,1.00
Iran,2021-07-25,206722.0,27.0,1.27,0.87
Iran,2021-08-01,248102.0,31.0,1.20,1.15
Iran,2021-08-08,269975.0,25.0,1.09,0.81
Iran,2021-08-15,251610.0,41.0,0.93,1.64
Iran,2021-08-22,254753.0,37.0,1.01,0.90
Iran,2021-08-29,208089.0,29.0,0.82,0.78
Iran,2021-09-05,172030.0,31.0,0.83,1.07
Iran,2021-09-12,133293.0,81.0,0.77,2.61
Iran,2021-09-19,110868.0,100.0,0.83,1.23
Iran,2021-09-26,91972.0,60.0,0.83,0.60
Iran,2021-10-03,79934.0,44.0,0.87,0.73
Iran,2021-10-10,81785.0,37.0,1.02,0.84
Iran,2021-10-17,78251.0,36.0,0.96,0.97
Iran,2021-10-24,64541.0,32.0,0.82,0.89
Iran,2021-10-31,64049.0,35.0,0.99,1.09
Iran,2021-11-07,51315.0,33.0,0.80,0.94
Iran,2021-11-14,41523.0,30.0,0.81,0.91
Iran,2021-11-21,32003.0,29.0,0.77,0.97
Iran,2021-11-28,26255.0,30.0,0.82,1.03
Iran,2021-12-05,21168.0,26.0,0.81,0.87
Iran,2021-12-12,16487.0,22.0,0.78,0.85
Iran,2021-12-19,13894.0,23.0,0.84,1.05
Iran,2021-12-26,12498.0,18.0,0.90,0.78
Iran,2022-01-02,9522.0,24.0,0.76,1.33
Iran,2022-01-09,13816.0,24.0,1.45,1.00
Iran,2022-01-16,26605.0,22.0,1.93,0.92
Iran,2022-01-23,76837.0,25.0,2.89,1.14
Iran,2022-01-30,221654.0,22.0,2.88,0.88
Iran,2022-02-06,236616.0,24.0,1.07,1.09
Iran,2022-02-13,145032.0,22.0,0.61,0.92
Iran,2022-02-20,105458.0,20.0,0.73,0.91
Iran,2022-02-27,53363.0,19.0,0.51,0.95
Iran,2022-03-06,35457.0,21.0,0.66,1.11
Iran,2022-03-13,19454.0,19.0,0.55,0.90
Iran,2022-03-20,9572.0,24.0,0.49,1.26
Iran,2022-03-27,17582.0,22.0,1.84,0.92
Iran,2022-04-03,22378.0,24.0,1.27,1.09
Iran,2022-04-10,13306.0,25.0,0.59,1.04
Italy,2020-01-26,2.0,56.0,1,1
Italy,2020-02-02,1.0,34.0,0.50,0.61
Italy,2020-02-09,0.0,28.0,0,0.82
Italy,2020-02-16,59.0,24.0,1,0.86
Italy,2020-02-23,1066.0,23.0,18.07,0.96
Italy,2020-03-01,4755.0,31.0,4.46,1.35
Italy,2020-03-08,15274.0,53.0,3.21,1.71
Italy,2020-03-15,32421.0,45.0,2.12,0.85
Italy,2020-03-22,38894.0,45.0,1.20,1.00
Italy,2020-03-29,32160.0,44.0,0.83,0.98
Italy,2020-04-05,27639.0,37.0,0.86,0.84
Italy,2020-04-12,23654.0,39.0,0.86,1.05
Italy,2020-04-19,19426.0,39.0,0.82,1.00
Italy,2020-04-26,13977.0,32.0,0.72,0.82
Italy,2020-05-03,8940.0,33.0,0.64,1.03
Italy,2020-05-10,6492.0,28.0,0.73,0.85
Italy,2020-05-17,4567.0,26.0,0.70,0.93
Italy,2020-05-24,3337.0,23.0,0.73,0.88
Italy,2020-05-31,2137.0,18.0,0.64,0.78
Italy,2020-06-07,1850.0,16.0,0.87,0.89
Italy,2020-06-14,1772.0,13.0,0.96,0.81
Italy,2020-06-21,1861.0,12.0,1.05,0.92
Italy,2020-06-28,1283.0,10.0,0.69,0.83
Italy,2020-07-05,1408.0,10.0,1.10,1.00
Italy,2020-07-12,1389.0,11.0,0.99,1.10
Italy,2020-07-19,1648.0,10.0,1.19,0.91
Italy,2020-07-26,1968.0,9.0,1.19,0.90
Italy,2020-08-02,2271.0,9.0,1.15,1.00
Italy,2020-08-09,3335.0,9.0,1.47,1.00
Italy,2020-08-16,4698.0,10.0,1.41,1.11
Italy,2020-08-23,8717.0,11.0,1.86,1.10
Italy,2020-08-30,9485.0,14.0,1.09,1.27
Italy,2020-09-06,9959.0,17.0,1.05,1.21
Italy,2020-09-13,10272.0,16.0,1.03,0.94
Italy,2020-09-20,11535.0,19.0,1.12,1.19
Italy,2020-09-27,14647.0,19.0,1.27,1.00
Italy,2020-10-04,26743.0,18.0,1.83,0.95
Italy,2020-10-11,53042.0,21.0,1.98,1.17
Italy,2020-10-18,101973.0,19.0,1.92,0.90
Italy,2020-10-25,174921.0,21.0,1.72,1.11
Italy,2020-11-01,223060.0,18.0,1.28,0.86
Italy,2020-11-08,242062.0,21.0,1.09,1.17
Italy,2020-11-15,235979.0,20.0,0.97,0.95
Italy,2020-11-22,184001.0,16.0,0.78,0.80
Italy,2020-11-29,145459.0,16.0,0.79,1.00
Italy,2020-12-06,115784.0,15.0,0.80,0.94
Italy,2020-12-13,112308.0,14.0,0.97,0.93
Italy,2020-12-20,100676.0,12.0,0.90,0.86
Italy,2020-12-27,102442.0,11.0,1.02,0.92
Italy,2021-01-03,116665.0,17.0,1.14,1.55
Italy,2021-01-10,110867.0,17.0,0.95,1.00
Italy,2021-01-17,86452.0,17.0,0.78,1.00
Italy,2021-01-24,86598.0,16.0,1.00,0.94
Italy,2021-01-31,83315.0,15.0,0.96,0.94
Italy,2021-02-07,85721.0,15.0,1.03,1.00
Italy,2021-02-14,84977.0,14.0,0.99,0.93
Italy,2021-02-21,112029.0,14.0,1.32,1.00
Italy,2021-02-28,138937.0,15.0,1.24,1.07
Italy,2021-03-07,155076.0,15.0,1.12,1.00
Italy,2021-03-14,154493.0,16.0,1.00,1.07
Italy,2021-03-21,156122.0,16.0,1.01,1.00
Italy,2021-03-28,137794.0,14.0,0.88,0.88
Italy,2021-04-04,103830.0,15.0,0.75,1.07
Italy,2021-04-11,103366.0,16.0,1.00,1.07
Italy,2021-04-18,92074.0,14.0,0.89,0.88
Italy,2021-04-25,86100.0,13.0,0.94,0.93
Italy,2021-05-02,67304.0,12.0,0.78,0.92
Italy,2021-05-09,50453.0,12.0,0.75,1.00
Italy,2021-05-16,34816.0,10.0,0.69,0.83
Italy,2021-05-23,24865.0,11.0,0.71,1.10
Italy,2021-05-30,17098.0,10.0,0.69,0.91
Italy,2021-06-06,13329.0,9.0,0.78,0.90
Italy,2021-06-13,8613.0,9.0,0.65,1.00
Italy,2021-06-20,5194.0,11.0,0.60,1.22
Italy,2021-06-27,5222.0,9.0,1.01,0.82
Italy,2021-07-04,7374.0,8.0,1.41,0.89
Italy,2021-07-11,14447.0,8.0,1.96,1.00
Italy,2021-07-18,28341.0,9.0,1.96,1.12
Italy,2021-07-25,37355.0,9.0,1.32,1.00
Italy,2021-08-01,40656.0,7.0,1.09,0.78
Italy,2021-08-08,44324.0,8.0,1.09,1.14
Italy,2021-08-15,43683.0,8.0,0.99,1.00
Italy,2021-08-22,45601.0,12.0,1.04,1.50
Italy,2021-08-29,41834.0,14.0,0.92,1.17
Italy,2021-09-05,35623.0,19.0,0.85,1.36
Italy,2021-09-12,30526.0,61.0,0.86,3.21
Italy,2021-09-19,24940.0,100.0,0.82,1.64
Italy,2021-09-26,21852.0,56.0,0.88,0.56
Italy,2021-10-03,18971.0,35.0,0.87,0.62
Italy,2021-10-10,17426.0,27.0,0.92,0.77
Italy,2021-10-17,21998.0,23.0,1.26,0.85
Italy,2021-10-24,29978.0,18.0,1.36,0.78
Italy,2021-10-31,34785.0,18.0,1.16,1.00
Italy,2021-11-07,50271.0,17.0,1.45,0.94
Italy,2021-11-14,63485.0,17.0,1.26,1.00
Italy,2021-11-21,78910.0,15.0,1.24,0.88
Italy,2021-11-28,99181.0,14.0,1.26,0.93
Italy,2021-12-05,112233.0,14.0,1.13,1.00
Italy,2021-12-12,158547.0,14.0,1.41,1.00
Italy,2021-12-19,257579.0,11.0,1.62,0.79
Italy,2021-12-26,644508.0,12.0,2.50,1.09
Italy,2022-01-02,1014358.0,15.0,1.57,1.25
Italy,2022-01-09,1268153.0,15.0,1.25,1.00
Italy,2022-01-16,1231741.0,15.0,0.97,1.00
Italy,2022-01-23,1040184.0,17.0,0.84,1.13
Italy,2022-01-30,721418.0,12.0,0.69,0.71
Italy,2022-02-06,510537.0,13.0,0.71,1.08
Italy,2022-02-13,374443.0,15.0,0.73,1.15
Italy,2022-02-20,304907.0,13.0,0.81,0.87
Italy,2022-02-27,257543.0,13.0,0.84,1.00
Italy,2022-03-06,332956.0,13.0,1.29,1.00
Italy,2022-03-13,477000.0,13.0,1.43,1.00
Italy,2022-03-20,503932.0,16.0,1.06,1.23
Italy,2022-03-27,486695.0,15.0,0.97,0.94
Italy,2022-04-03,447322.0,14.0,0.92,0.93
Italy,2022-04-10,294884.0,13.0,0.66,0.93
Mexico,2020-01-26,0.0,52.0,0,1
Mexico,2020-02-02,0.0,33.0,0,0.63
Mexico,2020-02-09,0.0,25.0,0,0.76
Mexico,2020-02-16,0.0,19.0,0,0.76
Mexico,2020-02-23,4.0,17.0,1,0.89
Mexico,2020-03-01,2.0,15.0,0.50,0.88
Mexico,2020-03-08,35.0,15.0,17.50,1.00
Mexico,2020-03-15,210.0,15.0,6.00,1.00
Mexico,2020-03-22,597.0,16.0,2.84,1.07
Mexico,2020-03-29,1042.0,17.0,1.75,1.06
Mexico,2020-04-05,2329.0,14.0,2.24,0.82
Mexico,2020-04-12,3278.0,20.0,1.41,1.43
Mexico,2020-04-19,6345.0,42.0,1.94,2.10
Mexico,2020-04-26,8246.0,19.0,1.30,0.45
Mexico,2020-05-03,11372.0,19.0,1.38,1.00
Mexico,2020-05-10,13684.0,18.0,1.20,0.95
Mexico,2020-05-17,18712.0,17.0,1.37,0.94
Mexico,2020-05-24,21656.0,15.0,1.16,0.88
Mexico,2020-05-31,26107.0,14.0,1.21,0.93
Mexico,2020-06-07,29071.0,13.0,1.11,0.93
Mexico,2020-06-14,32512.0,13.0,1.12,1.00
Mexico,2020-06-21,37600.0,12.0,1.16,0.92
Mexico,2020-06-28,39363.0,12.0,1.05,1.00
Mexico,2020-07-05,43103.0,12.0,1.10,1.00
Mexico,2020-07-12,43645.0,12.0,1.01,1.00
Mexico,2020-07-19,46123.0,12.0,1.06,1.00
Mexico,2020-07-26,49157.0,13.0,1.07,1.08
Mexico,2020-08-02,41709.0,14.0,0.85,1.08
Mexico,2020-08-09,41812.0,14.0,1.00,1.00
Mexico,2020-08-16,38502.0,16.0,0.92,1.14
Mexico,2020-08-23,35496.0,15.0,0.92,0.94
Mexico,2020-08-30,37697.0,15.0,1.06,1.00
Mexico,2020-09-06,34564.0,13.0,0.92,0.87
Mexico,2020-09-13,30148.0,12.0,0.87,0.92
Mexico,2020-09-20,32310.0,13.0,1.07,1.08
Mexico,2020-09-27,31522.0,12.0,0.98,0.92
Mexico,2020-10-04,56375.0,11.0,1.79,0.92
Mexico,2020-10-11,32780.0,11.0,0.58,1.00
Mexico,2020-10-18,39692.0,9.0,1.21,0.82
Mexico,2020-10-25,38162.0,8.0,0.96,0.89
Mexico,2020-11-01,36976.0,9.0,0.97,1.12
Mexico,2020-11-08,41315.0,10.0,1.12,1.11
Mexico,2020-11-15,29435.0,8.0,0.71,0.80
Mexico,2020-11-22,68715.0,8.0,2.33,1.00
Mexico,2020-11-29,66992.0,8.0,0.97,1.00
Mexico,2020-12-06,73041.0,8.0,1.09,1.00
Mexico,2020-12-13,72239.0,8.0,0.99,1.00
Mexico,2020-12-20,63542.0,6.0,0.88,0.75
Mexico,2020-12-27,66327.0,8.0,1.04,1.33
Mexico,2021-01-03,80492.0,13.0,1.21,1.62
Mexico,2021-01-10,106222.0,16.0,1.32,1.23
Mexico,2021-01-17,122089.0,18.0,1.15,1.12
Mexico,2021-01-24,104883.0,13.0,0.86,0.72
Mexico,2021-01-31,68850.0,12.0,0.66,0.92
Mexico,2021-02-07,62615.0,11.0,0.91,0.92
Mexico,2021-02-14,49581.0,10.0,0.79,0.91
Mexico,2021-02-21,45852.0,10.0,0.92,1.00
Mexico,2021-02-28,41738.0,10.0,0.91,1.00
Mexico,2021-03-07,38009.0,10.0,0.91,1.00
Mexico,2021-03-14,29764.0,9.0,0.78,0.90
Mexico,2021-03-21,31265.0,10.0,1.05,1.11
Mexico,2021-03-28,24291.0,9.0,0.78,0.90
Mexico,2021-04-04,29225.0,8.0,1.20,0.89
Mexico,2021-04-11,25676.0,9.0,0.88,1.12
Mexico,2021-04-18,22642.0,9.0,0.88,1.00
Mexico,2021-04-25,21042.0,8.0,0.93,0.89
Mexico,2021-05-02,16837.0,9.0,0.80,1.12
Mexico,2021-05-09,16073.0,8.0,0.95,0.89
Mexico,2021-05-16,14640.0,9.0,0.91,1.12
Mexico,2021-05-23,16173.0,7.0,1.10,0.78
Mexico,2021-05-30,20199.0,10.0,1.25,1.43
Mexico,2021-06-06,20767.0,8.0,1.03,0.80
Mexico,2021-06-13,19272.0,9.0,0.93,1.12
Mexico,2021-06-20,31667.0,9.0,1.64,1.00
Mexico,2021-06-27,34049.0,9.0,1.08,1.00
Mexico,2021-07-04,49264.0,7.0,1.45,0.78
Mexico,2021-07-11,67978.0,7.0,1.38,1.00
Mexico,2021-07-18,87284.0,9.0,1.28,1.29
Mexico,2021-07-25,106269.0,8.0,1.22,0.89
Mexico,2021-08-01,115992.0,8.0,1.09,1.00
Mexico,2021-08-08,127727.0,10.0,1.10,1.25
Mexico,2021-08-15,125444.0,11.0,0.98,1.10
Mexico,2021-08-22,111448.0,11.0,0.89,1.00
Mexico,2021-08-29,92017.0,12.0,0.83,1.09
Mexico,2021-09-05,85863.0,13.0,0.93,1.08
Mexico,2021-09-12,46240.0,47.0,0.54,3.62
Mexico,2021-09-19,66132.0,100.0,1.43,2.13
Mexico,2021-09-26,59865.0,48.0,0.91,0.48
Mexico,2021-10-03,35412.0,26.0,0.59,0.54
Mexico,2021-10-10,40671.0,21.0,1.15,0.81
Mexico,2021-10-17,26598.0,17.0,0.65,0.81
Mexico,2021-10-24,24104.0,15.0,0.91,0.88
Mexico,2021-10-31,19639.0,13.0,0.81,0.87
Mexico,2021-11-07,16257.0,11.0,0.83,0.85
Mexico,2021-11-14,17170.0,11.0,1.06,1.00
Mexico,2021-11-21,21005.0,10.0,1.22,0.91
Mexico,2021-11-28,17616.0,9.0,0.84,0.90
Mexico,2021-12-05,17254.0,9.0,0.98,1.00
Mexico,2021-12-12,15309.0,8.0,0.89,0.89
Mexico,2021-12-19,20185.0,7.0,1.32,0.88
Mexico,2021-12-26,38716.0,9.0,1.92,1.29
Mexico,2022-01-02,124873.0,9.0,3.23,1.00
Mexico,2022-01-09,235393.0,10.0,1.89,1.11
Mexico,2022-01-16,246407.0,11.0,1.05,1.10
Mexico,2022-01-23,320554.0,9.0,1.30,0.82
Mexico,2022-01-30,225148.0,10.0,0.70,1.11
Mexico,2022-02-06,142561.0,8.0,0.63,0.80
Mexico,2022-02-13,123859.0,9.0,0.87,1.12
Mexico,2022-02-20,94875.0,8.0,0.77,0.89
Mexico,2022-02-27,51806.0,9.0,0.55,1.12
Mexico,2022-03-06,51244.0,9.0,0.99,1.00
Mexico,2022-03-13,24178.0,9.0,0.47,1.00
Mexico,2022-03-20,17227.0,8.0,0.71,0.89
Mexico,2022-03-27,18335.0,10.0,1.06,1.25
Mexico,2022-04-03,57220.0,9.0,3.12,0.90
Mexico,2022-04-10,2479.0,7.0,0.04,0.78
Poland,2020-01-26,0.0,78.0,0,1
Poland,2020-02-02,0.0,49.0,0,0.63
Poland,2020-02-09,0.0,35.0,0,0.71
Poland,2020-02-16,0.0,33.0,0,0.94
Poland,2020-02-23,0.0,27.0,0,0.82
Poland,2020-03-01,5.0,21.0,1,0.78
Poland,2020-03-08,98.0,22.0,19.60,1.05
Poland,2020-03-15,433.0,31.0,4.42,1.41
Poland,2020-03-22,1102.0,30.0,2.55,0.97
Poland,2020-03-29,1989.0,27.0,1.80,0.90
Poland,2020-04-05,2729.0,23.0,1.37,0.85
Poland,2020-04-12,2386.0,21.0,0.87,0.91
Poland,2020-04-19,2531.0,22.0,1.06,1.05
Poland,2020-04-26,2102.0,19.0,0.83,0.86
Poland,2020-05-03,2276.0,16.0,1.08,0.84
Poland,2020-05-10,2606.0,15.0,1.14,0.94
Poland,2020-05-17,2674.0,15.0,1.03,1.00
Poland,2020-05-24,2640.0,15.0,0.99,1.00
Poland,2020-05-31,2415.0,13.0,0.91,0.87
Poland,2020-06-07,3031.0,13.0,1.26,1.00
Poland,2020-06-14,2603.0,13.0,0.86,1.00
Poland,2020-06-21,2094.0,13.0,0.80,1.00
Poland,2020-06-28,2005.0,11.0,0.96,0.85
Poland,2020-07-05,1802.0,11.0,0.90,1.00
Poland,2020-07-12,2225.0,10.0,1.23,0.91
Poland,2020-07-19,2876.0,11.0,1.29,1.10
Poland,2020-07-26,3724.0,11.0,1.29,1.00
Poland,2020-08-02,4821.0,12.0,1.29,1.09
Poland,2020-08-09,4923.0,13.0,1.02,1.08
Poland,2020-08-16,5091.0,12.0,1.03,0.92
Poland,2020-08-23,5058.0,12.0,0.99,1.00
Poland,2020-08-30,4148.0,13.0,0.82,1.08
Poland,2020-09-06,3263.0,15.0,0.79,1.15
Poland,2020-09-13,4680.0,16.0,1.43,1.07
Poland,2020-09-20,7650.0,15.0,1.63,0.94
Poland,2020-09-27,12160.0,13.0,1.59,0.87
Poland,2020-10-04,23498.0,15.0,1.93,1.15
Poland,2020-10-11,45592.0,14.0,1.94,0.93
Poland,2020-10-18,74716.0,15.0,1.64,1.07
Poland,2020-10-25,120785.0,13.0,1.62,0.87
Poland,2020-11-01,158909.0,14.0,1.32,1.08
Poland,2020-11-08,169478.0,12.0,1.07,0.86
Poland,2020-11-15,152357.0,15.0,0.90,1.25
Poland,2020-11-22,130118.0,13.0,0.85,0.87
Poland,2020-11-29,80680.0,15.0,0.62,1.15
Poland,2020-12-06,72427.0,12.0,0.90,0.80
Poland,2020-12-13,67410.0,13.0,0.93,1.08
Poland,2020-12-20,59847.0,11.0,0.89,0.85
Poland,2020-12-27,58823.0,14.0,0.98,1.27
Poland,2021-01-03,63609.0,16.0,1.08,1.14
Poland,2021-01-10,53223.0,16.0,0.84,1.00
Poland,2021-01-17,41267.0,16.0,0.78,1.00
Poland,2021-01-24,37795.0,15.0,0.92,0.94
Poland,2021-01-31,36856.0,14.0,0.98,0.93
Poland,2021-02-07,38091.0,15.0,1.03,1.07
Poland,2021-02-14,48106.0,14.0,1.26,0.93
Poland,2021-02-21,65158.0,13.0,1.35,0.93
Poland,2021-02-28,84460.0,13.0,1.30,1.00
Poland,2021-03-07,108015.0,14.0,1.28,1.08
Poland,2021-03-14,147340.0,14.0,1.36,1.00
Poland,2021-03-21,185025.0,13.0,1.26,0.93
Poland,2021-03-28,193859.0,12.0,1.05,0.92
Poland,2021-04-04,137314.0,12.0,0.71,1.00
Poland,2021-04-11,122976.0,13.0,0.90,1.08
Poland,2021-04-18,75758.0,14.0,0.62,1.08
Poland,2021-04-25,46985.0,13.0,0.62,0.93
Poland,2021-05-02,30579.0,14.0,0.65,1.08
Poland,2021-05-09,22715.0,14.0,0.74,1.00
Poland,2021-05-16,12635.0,13.0,0.56,0.93
Poland,2021-05-23,6825.0,11.0,0.54,0.85
Poland,2021-05-30,3453.0,11.0,0.51,1.00
Poland,2021-06-06,2419.0,13.0,0.70,1.18
Poland,2021-06-13,1391.0,10.0,0.58,0.77
Poland,2021-06-20,935.0,11.0,0.67,1.10
Poland,2021-06-27,646.0,11.0,0.69,1.00
Poland,2021-07-04,540.0,9.0,0.84,0.82
Poland,2021-07-11,600.0,9.0,1.11,1.00
Poland,2021-07-18,711.0,11.0,1.19,1.22
Poland,2021-07-25,873.0,9.0,1.23,0.82
Poland,2021-08-01,1037.0,7.0,1.19,0.78
Poland,2021-08-08,1209.0,8.0,1.17,1.14
Poland,2021-08-15,1328.0,12.0,1.10,1.50
Poland,2021-08-22,1515.0,11.0,1.14,0.92
Poland,2021-08-29,2133.0,17.0,1.41,1.55
Poland,2021-09-05,3012.0,21.0,1.41,1.24
Poland,2021-09-12,4222.0,58.0,1.40,2.76
Poland,2021-09-19,5196.0,100.0,1.23,1.72
Poland,2021-09-26,7185.0,47.0,1.38,0.47
Poland,2021-10-03,11098.0,34.0,1.54,0.72
Poland,2021-10-10,16195.0,28.0,1.46,0.82
Poland,2021-10-17,31131.0,24.0,1.92,0.86
Poland,2021-10-24,49900.0,21.0,1.60,0.88
Poland,2021-10-31,73613.0,23.0,1.48,1.10
Poland,2021-11-07,98354.0,20.0,1.34,0.87
Poland,2021-11-14,136397.0,21.0,1.39,1.05
Poland,2021-11-21,160790.0,16.0,1.18,0.76
Poland,2021-11-28,161773.0,19.0,1.01,1.19
Poland,2021-12-05,159771.0,18.0,0.99,0.95
Poland,2021-12-12,134066.0,15.0,0.84,0.83
Poland,2021-12-19,100721.0,16.0,0.75,1.07
Poland,2021-12-26,76663.0,12.0,0.76,0.75
Poland,2022-01-02,81842.0,14.0,1.07,1.17
Poland,2022-01-09,96285.0,17.0,1.18,1.21
Poland,2022-01-16,185720.0,18.0,1.93,1.06
Poland,2022-01-23,320295.0,16.0,1.72,0.89
Poland,2022-01-30,324690.0,17.0,1.01,1.06
Poland,2022-02-06,250471.0,16.0,0.77,0.94
Poland,2022-02-13,160751.0,14.0,0.64,0.88
Poland,2022-02-20,111294.0,15.0,0.69,1.07
Poland,2022-02-27,82445.0,16.0,0.74,1.07
Poland,2022-03-06,77068.0,15.0,0.93,0.94
Poland,2022-03-13,74337.0,15.0,0.96,1.00
Poland,2022-03-20,54289.0,15.0,0.73,1.00
Poland,2022-03-27,29336.0,18.0,0.54,1.20
Poland,2022-04-03,8702.0,17.0,0.30,0.94
Poland,2022-04-10,4891.0,13.0,0.56,0.76
Singapore,2020-01-26,13.0,66.0,1,1
Singapore,2020-02-02,17.0,66.0,1.31,1.00
Singapore,2020-02-09,39.0,62.0,2.29,0.94
Singapore,2020-02-16,13.0,65.0,0.33,1.05
Singapore,2020-02-23,17.0,59.0,1.31,0.91
Singapore,2020-03-01,36.0,65.0,2.12,1.10
Singapore,2020-03-08,74.0,56.0,2.06,0.86
Singapore,2020-03-15,220.0,53.0,2.97,0.95
Singapore,2020-03-22,370.0,56.0,1.68,1.06
Singapore,2020-03-29,387.0,63.0,1.05,1.12
Singapore,2020-04-05,1110.0,57.0,2.87,0.90
Singapore,2020-04-12,3693.0,52.0,3.33,0.91
Singapore,2020-04-19,6701.0,61.0,1.81,1.17
Singapore,2020-04-26,4855.0,62.0,0.72,1.02
Singapore,2020-05-03,4912.0,59.0,1.01,0.95
Singapore,2020-05-10,4896.0,60.0,1.00,1.02
Singapore,2020-05-17,3712.0,62.0,0.76,1.03
Singapore,2020-05-24,3298.0,59.0,0.89,0.95
Singapore,2020-05-31,3161.0,61.0,0.96,1.03
Singapore,2020-06-07,2670.0,63.0,0.84,1.03
Singapore,2020-06-14,1636.0,60.0,0.61,0.95
Singapore,2020-06-21,1413.0,62.0,0.86,1.03
Singapore,2020-06-28,1418.0,67.0,1.00,1.08
Singapore,2020-07-05,1119.0,74.0,0.79,1.10
Singapore,2020-07-12,1872.0,73.0,1.67,0.99
Singapore,2020-07-19,2233.0,60.0,1.19,0.82
Singapore,2020-07-26,2624.0,61.0,1.18,1.02
Singapore,2020-08-02,2417.0,63.0,0.92,1.03
Singapore,2020-08-09,732.0,59.0,0.30,0.94
Singapore,2020-08-16,605.0,64.0,0.83,1.08
Singapore,2020-08-23,451.0,59.0,0.75,0.92
Singapore,2020-08-30,265.0,60.0,0.59,1.02
Singapore,2020-09-06,375.0,61.0,1.42,1.02
Singapore,2020-09-13,201.0,59.0,0.54,0.97
Singapore,2020-09-20,127.0,61.0,0.63,1.03
Singapore,2020-09-27,115.0,56.0,0.91,0.92
Singapore,2020-10-04,66.0,52.0,0.57,0.93
Singapore,2020-10-11,38.0,54.0,0.58,1.04
Singapore,2020-10-18,61.0,48.0,1.61,0.89
Singapore,2020-10-25,50.0,53.0,0.82,1.10
Singapore,2020-11-01,39.0,47.0,0.78,0.89
Singapore,2020-11-08,62.0,51.0,1.59,1.09
Singapore,2020-11-15,32.0,49.0,0.52,0.96
Singapore,2020-11-22,57.0,51.0,1.78,1.04
Singapore,2020-11-29,50.0,43.0,0.88,0.84
Singapore,2020-12-06,58.0,45.0,1.16,1.05
Singapore,2020-12-13,90.0,44.0,1.55,0.98
Singapore,2020-12-20,116.0,38.0,1.29,0.86
Singapore,2020-12-27,143.0,38.0,1.23,1.00
Singapore,2021-01-03,203.0,52.0,1.42,1.37
Singapore,2021-01-10,218.0,55.0,1.07,1.06
Singapore,2021-01-17,177.0,49.0,0.81,0.89
Singapore,2021-01-24,247.0,58.0,1.40,1.18
Singapore,2021-01-31,168.0,45.0,0.68,0.78
Singapore,2021-02-07,111.0,46.0,0.66,1.02
Singapore,2021-02-14,72.0,55.0,0.65,1.20
Singapore,2021-02-21,67.0,51.0,0.93,0.93
Singapore,2021-02-28,95.0,52.0,1.42,1.02
Singapore,2021-03-07,68.0,53.0,0.72,1.02
Singapore,2021-03-14,96.0,55.0,1.41,1.04
Singapore,2021-03-21,104.0,55.0,1.08,1.00
Singapore,2021-03-28,180.0,51.0,1.73,0.93
Singapore,2021-04-04,165.0,57.0,0.92,1.12
Singapore,2021-04-11,175.0,50.0,1.06,0.88
Singapore,2021-04-18,158.0,60.0,0.90,1.20
Singapore,2021-04-25,213.0,55.0,1.35,0.92
Singapore,2021-05-02,152.0,50.0,0.71,0.91
Singapore,2021-05-09,205.0,54.0,1.35,1.08
Singapore,2021-05-16,263.0,54.0,1.28,1.00
Singapore,2021-05-23,204.0,52.0,0.78,0.96
Singapore,2021-05-30,173.0,58.0,0.85,1.12
Singapore,2021-06-06,87.0,62.0,0.50,1.07
Singapore,2021-06-13,140.0,54.0,1.61,0.87
Singapore,2021-06-20,127.0,50.0,0.91,0.93
Singapore,2021-06-27,76.0,58.0,0.60,1.16
Singapore,2021-07-04,78.0,55.0,1.03,0.95
Singapore,2021-07-11,297.0,60.0,3.81,1.09
Singapore,2021-07-18,1073.0,71.0,3.61,1.18
Singapore,2021-07-25,927.0,76.0,0.86,1.07
Singapore,2021-08-01,705.0,60.0,0.76,0.79
Singapore,2021-08-08,433.0,53.0,0.61,0.88
Singapore,2021-08-15,324.0,62.0,0.75,1.17
Singapore,2021-08-22,728.0,55.0,2.25,0.89
Singapore,2021-08-29,1298.0,61.0,1.78,1.11
Singapore,2021-09-05,2698.0,52.0,2.08,0.85
Singapore,2021-09-12,5625.0,78.0,2.08,1.50
Singapore,2021-09-19,9161.0,100.0,1.63,1.28
Singapore,2021-09-26,15833.0,76.0,1.73,0.76
Singapore,2021-10-03,22371.0,64.0,1.41,0.84
Singapore,2021-10-10,20963.0,56.0,0.94,0.88
Singapore,2021-10-17,24141.0,69.0,1.15,1.23
Singapore,2021-10-24,25950.0,64.0,1.07,0.93
Singapore,2021-10-31,20569.0,51.0,0.79,0.80
Singapore,2021-11-07,19700.0,52.0,0.96,1.02
Singapore,2021-11-14,15038.0,52.0,0.76,1.00
Singapore,2021-11-21,11118.0,50.0,0.74,0.96
Singapore,2021-11-28,7023.0,50.0,0.63,1.00
Singapore,2021-12-05,4333.0,43.0,0.62,0.86
Singapore,2021-12-12,2663.0,48.0,0.61,1.12
Singapore,2021-12-19,1900.0,46.0,0.71,0.96
Singapore,2021-12-26,2306.0,37.0,1.21,0.80
Singapore,2022-01-02,4941.0,53.0,2.14,1.43
Singapore,2022-01-09,6184.0,59.0,1.25,1.11
Singapore,2022-01-16,19290.0,57.0,3.12,0.97
Singapore,2022-01-23,33556.0,50.0,1.74,0.88
Singapore,2022-01-30,35849.0,37.0,1.07,0.74
Singapore,2022-02-06,80394.0,55.0,2.24,1.49
Singapore,2022-02-13,116280.0,55.0,1.45,1.00
Singapore,2022-02-20,120297.0,53.0,1.03,0.96
Singapore,2022-02-27,123011.0,51.0,1.02,0.96
Singapore,2022-03-06,110072.0,57.0,0.89,1.12
Singapore,2022-03-13,77423.0,54.0,0.70,0.95
Singapore,2022-03-20,59999.0,51.0,0.77,0.94
Singapore,2022-03-27,38844.0,49.0,0.65,0.96
Singapore,2022-04-03,29427.0,50.0,0.76,1.02
Singapore,2022-04-10,16749.0,51.0,0.57,1.02
Spain,2020-01-26,1.0,55.0,1,1
Spain,2020-02-02,0.0,43.0,0,0.78
Spain,2020-02-09,1.0,34.0,1,0.79
Spain,2020-02-16,0.0,27.0,0,0.79
Spain,2020-02-23,43.0,25.0,1,0.93
Spain,2020-03-01,455.0,24.0,10.58,0.96
Spain,2020-03-08,5891.0,23.0,12.95,0.96
Spain,2020-03-15,18983.0,33.0,3.22,1.43
Spain,2020-03-22,47861.0,31.0,2.52,0.94
Spain,2020-03-29,52933.0,29.0,1.11,0.94
Spain,2020-04-05,36859.0,24.0,0.70,0.83
Spain,2020-04-12,28699.0,29.0,0.78,1.21
Spain,2020-04-19,24213.0,25.0,0.84,0.86
Spain,2020-04-26,10677.0,22.0,0.44,0.88
Spain,2020-05-03,6996.0,21.0,0.66,0.95
Spain,2020-05-10,7120.0,21.0,1.02,1.00
Spain,2020-05-17,4592.0,19.0,0.64,0.90
Spain,2020-05-24,4310.0,18.0,0.94,0.95
Spain,2020-05-31,2082.0,17.0,0.48,0.94
Spain,2020-06-07,2295.0,18.0,1.10,1.06
Spain,2020-06-14,2333.0,14.0,1.02,0.78
Spain,2020-06-21,2531.0,13.0,1.08,0.93
Spain,2020-06-28,2076.0,12.0,0.82,0.92
Spain,2020-07-05,3363.0,12.0,1.62,1.00
Spain,2020-07-12,6347.0,13.0,1.89,1.08
Spain,2020-07-19,12166.0,13.0,1.92,1.00
Spain,2020-07-26,16101.0,11.0,1.32,0.85
Spain,2020-08-02,25840.0,11.0,1.60,1.00
Spain,2020-08-09,28451.0,11.0,1.10,1.00
Spain,2020-08-16,43241.0,16.0,1.52,1.45
Spain,2020-08-23,53232.0,14.0,1.23,0.88
Spain,2020-08-30,59703.0,17.0,1.12,1.21
Spain,2020-09-06,67337.0,16.0,1.13,0.94
Spain,2020-09-13,73714.0,20.0,1.09,1.25
Spain,2020-09-20,76441.0,23.0,1.04,1.15
Spain,2020-09-27,73451.0,25.0,0.96,1.09
Spain,2020-10-04,71180.0,22.0,0.97,0.88
Spain,2020-10-11,75448.0,20.0,1.06,0.91
Spain,2020-10-18,109572.0,19.0,1.45,0.95
Spain,2020-10-25,139546.0,17.0,1.27,0.89
Spain,2020-11-01,143154.0,19.0,1.03,1.12
Spain,2020-11-08,129759.0,20.0,0.91,1.05
Spain,2020-11-15,98139.0,19.0,0.76,0.95
Spain,2020-11-22,71478.0,16.0,0.73,0.84
Spain,2020-11-29,56439.0,15.0,0.79,0.94
Spain,2020-12-06,45928.0,14.0,0.81,0.93
Spain,2020-12-13,66661.0,14.0,1.45,1.00
Spain,2020-12-20,57715.0,11.0,0.87,0.79
Spain,2020-12-27,73314.0,11.0,1.27,1.00
Spain,2021-01-03,122095.0,12.0,1.67,1.09
Spain,2021-01-10,201804.0,20.0,1.65,1.67
Spain,2021-01-17,247396.0,19.0,1.23,0.95
Spain,2021-01-24,243559.0,19.0,0.98,1.00
Spain,2021-01-31,198871.0,16.0,0.82,0.84
Spain,2021-02-07,114045.0,17.0,0.57,1.06
Spain,2021-02-14,77087.0,16.0,0.68,0.94
Spain,2021-02-21,55431.0,16.0,0.72,1.00
Spain,2021-02-28,34806.0,17.0,0.63,1.06
Spain,2021-03-07,34692.0,16.0,1.00,0.94
Spain,2021-03-14,28628.0,14.0,0.83,0.88
Spain,2021-03-21,42992.0,16.0,1.50,1.14
Spain,2021-03-28,45641.0,12.0,1.06,0.75
Spain,2021-04-04,46547.0,15.0,1.02,1.25
Spain,2021-04-11,59771.0,16.0,1.28,1.07
Spain,2021-04-18,61334.0,15.0,1.03,0.94
Spain,2021-04-25,55460.0,14.0,0.90,0.93
Spain,2021-05-02,43331.0,16.0,0.78,1.14
Spain,2021-05-09,37391.0,14.0,0.86,0.88
Spain,2021-05-16,31654.0,14.0,0.85,1.00
Spain,2021-05-23,32205.0,14.0,1.02,1.00
Spain,2021-05-30,29323.0,14.0,0.91,1.00
Spain,2021-06-06,35619.0,14.0,1.21,1.00
Spain,2021-06-13,23842.0,14.0,0.67,1.00
Spain,2021-06-20,25021.0,11.0,1.05,0.79
Spain,2021-06-27,51405.0,11.0,2.05,1.00
Spain,2021-07-04,103324.0,10.0,2.01,0.91
Spain,2021-07-11,163030.0,10.0,1.58,1.00
Spain,2021-07-18,180207.0,11.0,1.11,1.10
Spain,2021-07-25,166615.0,10.0,0.92,0.91
Spain,2021-08-01,141088.0,8.0,0.85,0.80
Spain,2021-08-08,105408.0,9.0,0.75,1.12
Spain,2021-08-15,76913.0,10.0,0.73,1.11
Spain,2021-08-22,61356.0,12.0,0.80,1.20
Spain,2021-08-29,45946.0,13.0,0.75,1.08
Spain,2021-09-05,29706.0,17.0,0.65,1.31
Spain,2021-09-12,22085.0,51.0,0.74,3.00
Spain,2021-09-19,17055.0,100.0,0.77,1.96
Spain,2021-09-26,14527.0,57.0,0.85,0.57
Spain,2021-10-03,12491.0,44.0,0.86,0.77
Spain,2021-10-10,10767.0,36.0,0.86,0.82
Spain,2021-10-17,13346.0,33.0,1.24,0.92
Spain,2021-10-24,13416.0,28.0,1.01,0.85
Spain,2021-10-31,14491.0,23.0,1.08,0.82
Spain,2021-11-07,21517.0,26.0,1.48,1.13
Spain,2021-11-14,33507.0,23.0,1.56,0.88
Spain,2021-11-21,50349.0,21.0,1.50,0.91
Spain,2021-11-28,71946.0,19.0,1.43,0.90
Spain,2021-12-05,87315.0,17.0,1.21,0.89
Spain,2021-12-12,165337.0,17.0,1.89,1.00
Spain,2021-12-19,262480.0,14.0,1.59,0.82
Spain,2021-12-26,576738.0,14.0,2.20,1.00
Spain,2022-01-02,870161.0,13.0,1.51,0.93
Spain,2022-01-09,928130.0,24.0,1.07,1.85
Spain,2022-01-16,882422.0,22.0,0.95,0.92
Spain,2022-01-23,803672.0,21.0,0.91,0.95
Spain,2022-01-30,420586.0,22.0,0.52,1.05
Spain,2022-02-06,404484.0,23.0,0.96,1.05
Spain,2022-02-13,205022.0,18.0,0.51,0.78
Spain,2022-02-20,168302.0,18.0,0.82,1.00
Spain,2022-02-27,122904.0,17.0,0.73,0.94
Spain,2022-03-06,123546.0,18.0,1.01,1.06
Spain,2022-03-13,100663.0,18.0,0.81,1.00
Spain,2022-03-20,127039.0,21.0,1.26,1.17
Spain,2022-03-27,99898.0,22.0,0.79,1.05
Spain,2022-04-03,75913.0,18.0,0.76,0.82
Spain,2022-04-10,0.0,12.0,0,0.67
Turkey,2020-01-26,0.0,98.0,0,1
Turkey,2020-02-02,0.0,64.0,0,0.65
Turkey,2020-02-09,0.0,54.0,0,0.84
Turkey,2020-02-16,0.0,48.0,0,0.89
Turkey,2020-02-23,0.0,40.0,0,0.83
Turkey,2020-03-01,0.0,43.0,0,1.07
Turkey,2020-03-08,5.0,34.0,1,0.79
Turkey,2020-03-15,665.0,46.0,133.00,1.35
Turkey,2020-03-22,6732.0,55.0,10.12,1.20
Turkey,2020-03-29,16532.0,50.0,2.46,0.91
Turkey,2020-04-05,28233.0,45.0,1.71,0.90
Turkey,2020-04-12,30162.0,40.0,1.07,0.89
Turkey,2020-04-19,25444.0,37.0,0.84,0.93
Turkey,2020-04-26,16602.0,42.0,0.65,1.14
Turkey,2020-05-03,12740.0,38.0,0.77,0.90
Turkey,2020-05-10,10952.0,33.0,0.86,0.87
Turkey,2020-05-17,7619.0,35.0,0.70,1.06
Turkey,2020-05-24,7417.0,32.0,0.97,0.91
Turkey,2020-05-31,6115.0,32.0,0.82,1.00
Turkey,2020-06-07,7459.0,28.0,1.22,0.88
Turkey,2020-06-14,9816.0,25.0,1.32,0.89
Turkey,2020-06-21,9390.0,29.0,0.96,1.16
Turkey,2020-06-28,8727.0,26.0,0.93,0.90
Turkey,2020-07-05,7371.0,25.0,0.84,0.96
Turkey,2020-07-12,6736.0,22.0,0.91,0.88
Turkey,2020-07-19,6456.0,23.0,0.96,1.05
Turkey,2020-07-26,6696.0,22.0,1.04,0.96
Turkey,2020-08-02,7753.0,25.0,1.16,1.14
Turkey,2020-08-09,8495.0,24.0,1.10,0.96
Turkey,2020-08-16,8915.0,27.0,1.05,1.12
Turkey,2020-08-23,10032.0,25.0,1.13,0.93
Turkey,2020-08-30,11164.0,27.0,1.11,1.08
Turkey,2020-09-06,11407.0,31.0,1.02,1.15
Turkey,2020-09-13,11713.0,26.0,1.03,0.84
Turkey,2020-09-20,11618.0,28.0,0.99,1.08
Turkey,2020-09-27,10048.0,27.0,0.86,0.96
Turkey,2020-10-04,11017.0,29.0,1.10,1.07
Turkey,2020-10-11,11647.0,26.0,1.06,0.90
Turkey,2020-10-18,14106.0,26.0,1.21,1.00
Turkey,2020-10-25,15583.0,24.0,1.10,0.92
Turkey,2020-11-01,16372.0,26.0,1.05,1.08
Turkey,2020-11-08,19316.0,23.0,1.18,0.88
Turkey,2020-11-15,29750.0,25.0,1.54,1.09
Turkey,2020-11-22,137542.0,26.0,4.62,1.04
Turkey,2020-11-29,219546.0,31.0,1.60,1.19
Turkey,2020-12-06,188691.0,30.0,0.86,0.97
Turkey,2020-12-13,194476.0,28.0,1.03,0.93
Turkey,2020-12-20,129088.0,25.0,0.66,0.89
Turkey,2020-12-27,98662.0,25.0,0.76,1.00
Turkey,2021-01-03,85083.0,26.0,0.86,1.04
Turkey,2021-01-10,63547.0,27.0,0.75,1.04
Turkey,2021-01-17,43663.0,31.0,0.69,1.15
Turkey,2021-01-24,46573.0,26.0,1.07,0.84
Turkey,2021-01-31,53885.0,27.0,1.16,1.04
Turkey,2021-02-07,55110.0,28.0,1.02,1.04
Turkey,2021-02-14,51980.0,26.0,0.94,0.93
Turkey,2021-02-21,61288.0,24.0,1.18,0.92
Turkey,2021-02-28,76066.0,24.0,1.24,1.00
Turkey,2021-03-07,96782.0,23.0,1.27,0.96
Turkey,2021-03-14,126682.0,24.0,1.31,1.04
Turkey,2021-03-21,186421.0,25.0,1.47,1.04
Turkey,2021-03-28,265937.0,27.0,1.43,1.08
Turkey,2021-04-04,353281.0,24.0,1.33,0.89
Turkey,2021-04-11,414312.0,24.0,1.17,1.00
Turkey,2021-04-18,378771.0,23.0,0.91,0.96
Turkey,2021-04-25,257992.0,23.0,0.68,1.00
Turkey,2021-05-02,166733.0,26.0,0.65,1.13
Turkey,2021-05-09,90721.0,24.0,0.54,0.92
Turkey,2021-05-16,71786.0,27.0,0.79,1.12
Turkey,2021-05-23,57330.0,27.0,0.80,1.00
Turkey,2021-05-30,46616.0,29.0,0.81,1.07
Turkey,2021-06-06,42841.0,23.0,0.92,0.79
Turkey,2021-06-13,39773.0,21.0,0.93,0.91
Turkey,2021-06-20,38936.0,21.0,0.98,1.00
Turkey,2021-06-27,36224.0,21.0,0.93,1.00
Turkey,2021-07-04,35926.0,19.0,0.99,0.90
Turkey,2021-07-11,45745.0,16.0,1.27,0.84
Turkey,2021-07-18,65339.0,19.0,1.43,1.19
Turkey,2021-07-25,139667.0,19.0,2.14,1.00
Turkey,2021-08-01,168796.0,17.0,1.21,0.89
Turkey,2021-08-08,163965.0,17.0,0.97,1.00
Turkey,2021-08-15,137235.0,22.0,0.84,1.29
Turkey,2021-08-22,132508.0,23.0,0.97,1.05
Turkey,2021-08-29,149114.0,23.0,1.13,1.00
Turkey,2021-09-05,158236.0,26.0,1.06,1.13
Turkey,2021-09-12,183962.0,62.0,1.16,2.38
Turkey,2021-09-19,192778.0,100.0,1.05,1.61
Turkey,2021-09-26,197277.0,67.0,1.02,0.67
Turkey,2021-10-03,205266.0,55.0,1.04,0.82
Turkey,2021-10-10,213981.0,47.0,1.04,0.85
Turkey,2021-10-17,196850.0,40.0,0.92,0.85
Turkey,2021-10-24,182027.0,35.0,0.92,0.88
Turkey,2021-10-31,197335.0,35.0,1.08,1.00
Turkey,2021-11-07,180167.0,34.0,0.91,0.97
Turkey,2021-11-14,163835.0,30.0,0.91,0.88
Turkey,2021-11-21,174023.0,26.0,1.06,0.87
Turkey,2021-11-28,157360.0,26.0,0.90,1.00
Turkey,2021-12-05,140463.0,26.0,0.89,1.00
Turkey,2021-12-12,131986.0,23.0,0.94,0.88
Turkey,2021-12-19,132777.0,21.0,1.01,0.91
Turkey,2021-12-26,232295.0,23.0,1.75,1.10
Turkey,2022-01-02,397444.0,25.0,1.71,1.09
Turkey,2022-01-09,486339.0,30.0,1.22,1.20
Turkey,2022-01-16,478562.0,23.0,0.98,0.77
Turkey,2022-01-23,556850.0,24.0,1.16,1.04
Turkey,2022-01-30,712091.0,21.0,1.28,0.88
Turkey,2022-02-06,683967.0,21.0,0.96,1.00
Turkey,2022-02-13,599596.0,21.0,0.88,1.00
Turkey,2022-02-20,541259.0,20.0,0.90,0.95
Turkey,2022-02-27,350828.0,20.0,0.65,1.00
Turkey,2022-03-06,208022.0,19.0,0.59,0.95
Turkey,2022-03-13,146597.0,21.0,0.70,1.11
Turkey,2022-03-20,108647.0,21.0,0.74,1.00
Turkey,2022-03-27,96227.0,23.0,0.89,1.10
Turkey,2022-04-03,67655.0,22.0,0.70,0.96
Turkey,2022-04-10,29793.0,22.0,0.44,1.00
United Kingdom,2020-01-26,2.0,58.0,1,1
United Kingdom,2020-02-02,11.0,48.0,5.50,0.83
United Kingdom,2020-02-09,5.0,44.0,0.45,0.92
United Kingdom,2020-02-16,5.0,33.0,1.00,0.75
United Kingdom,2020-02-23,38.0,37.0,7.60,1.12
United Kingdom,2020-03-01,367.0,37.0,9.66,1.00
United Kingdom,2020-03-08,2202.0,35.0,6.00,0.95
United Kingdom,2020-03-15,6327.0,46.0,2.87,1.31
United Kingdom,2020-03-22,17972.0,40.0,2.84,0.87
United Kingdom,2020-03-29,30498.0,34.0,1.70,0.85
United Kingdom,2020-04-05,32345.0,21.0,1.06,0.62
United Kingdom,2020-04-12,32123.0,24.0,0.99,1.14
United Kingdom,2020-04-19,32883.0,36.0,1.02,1.50
United Kingdom,2020-04-26,31251.0,35.0,0.95,0.97
United Kingdom,2020-05-03,22836.0,32.0,0.73,0.91
United Kingdom,2020-05-10,19786.0,35.0,0.87,1.09
United Kingdom,2020-05-17,16235.0,29.0,0.82,0.83
United Kingdom,2020-05-24,10746.0,23.0,0.66,0.79
United Kingdom,2020-05-31,8443.0,31.0,0.79,1.35
United Kingdom,2020-06-07,7083.0,31.0,0.84,1.00
United Kingdom,2020-06-14,6578.0,31.0,0.93,1.00
United Kingdom,2020-06-21,5140.0,27.0,0.78,0.87
United Kingdom,2020-06-28,2592.0,30.0,0.50,1.11
United Kingdom,2020-07-05,4058.0,28.0,1.57,0.93
United Kingdom,2020-07-12,5119.0,25.0,1.26,0.89
United Kingdom,2020-07-19,4615.0,20.0,0.90,0.80
United Kingdom,2020-07-26,5265.0,19.0,1.14,0.95
United Kingdom,2020-08-02,5827.0,20.0,1.11,1.05
United Kingdom,2020-08-09,7625.0,22.0,1.31,1.10
United Kingdom,2020-08-16,7230.0,23.0,0.95,1.05
United Kingdom,2020-08-23,8161.0,23.0,1.13,1.00
United Kingdom,2020-08-30,11421.0,28.0,1.40,1.22
United Kingdom,2020-09-06,21017.0,30.0,1.84,1.07
United Kingdom,2020-09-13,25196.0,30.0,1.20,1.00
United Kingdom,2020-09-20,38929.0,28.0,1.55,0.93
United Kingdom,2020-09-27,50760.0,30.0,1.30,1.07
United Kingdom,2020-10-04,110854.0,31.0,2.18,1.03
United Kingdom,2020-10-11,114629.0,30.0,1.03,0.97
United Kingdom,2020-10-18,148628.0,24.0,1.30,0.80
United Kingdom,2020-10-25,157692.0,20.0,1.06,0.83
United Kingdom,2020-11-01,159858.0,27.0,1.01,1.35
United Kingdom,2020-11-08,173005.0,27.0,1.08,1.00
United Kingdom,2020-11-15,149107.0,26.0,0.86,0.96
United Kingdom,2020-11-22,111892.0,23.0,0.75,0.88
United Kingdom,2020-11-29,101077.0,24.0,0.90,1.04
United Kingdom,2020-12-06,125374.0,23.0,1.24,0.96
United Kingdom,2020-12-13,173818.0,21.0,1.39,0.91
United Kingdom,2020-12-20,252293.0,14.0,1.45,0.67
United Kingdom,2020-12-27,343932.0,21.0,1.36,1.50
United Kingdom,2021-01-03,417772.0,40.0,1.21,1.90
United Kingdom,2021-01-10,340081.0,37.0,0.81,0.93
United Kingdom,2021-01-17,260162.0,38.0,0.77,1.03
United Kingdom,2021-01-24,178812.0,30.0,0.69,0.79
United Kingdom,2021-01-31,134016.0,27.0,0.75,0.90
United Kingdom,2021-02-07,97385.0,26.0,0.73,0.96
United Kingdom,2021-02-14,78616.0,21.0,0.81,0.81
United Kingdom,2021-02-21,64856.0,27.0,0.82,1.29
United Kingdom,2021-02-28,42832.0,25.0,0.66,0.93
United Kingdom,2021-03-07,40479.0,24.0,0.95,0.96
United Kingdom,2021-03-14,37453.0,24.0,0.93,1.00
United Kingdom,2021-03-21,37910.0,24.0,1.01,1.00
United Kingdom,2021-03-28,27915.0,19.0,0.74,0.79
United Kingdom,2021-04-04,15815.0,17.0,0.57,0.89
United Kingdom,2021-04-11,17896.0,19.0,1.13,1.12
United Kingdom,2021-04-18,17233.0,22.0,0.96,1.16
United Kingdom,2021-04-25,15361.0,25.0,0.89,1.14
United Kingdom,2021-05-02,14560.0,22.0,0.95,0.88
United Kingdom,2021-05-09,15763.0,23.0,1.08,1.05
United Kingdom,2021-05-16,13961.0,23.0,0.89,1.00
United Kingdom,2021-05-23,20504.0,21.0,1.47,0.91
United Kingdom,2021-05-30,30725.0,17.0,1.50,0.81
United Kingdom,2021-06-06,46857.0,22.0,1.53,1.29
United Kingdom,2021-06-13,62503.0,21.0,1.33,0.95
United Kingdom,2021-06-20,96941.0,22.0,1.55,1.05
United Kingdom,2021-06-27,162104.0,20.0,1.67,0.91
United Kingdom,2021-07-04,210993.0,20.0,1.30,1.00
United Kingdom,2021-07-11,297807.0,19.0,1.41,0.95
United Kingdom,2021-07-18,284748.0,17.0,0.96,0.89
United Kingdom,2021-07-25,188046.0,16.0,0.66,0.94
United Kingdom,2021-08-01,186118.0,16.0,0.99,1.00
United Kingdom,2021-08-08,199040.0,17.0,1.07,1.06
United Kingdom,2021-08-15,220240.0,18.0,1.11,1.06
United Kingdom,2021-08-22,237839.0,19.0,1.08,1.06
United Kingdom,2021-08-29,243381.0,22.0,1.02,1.16
United Kingdom,2021-09-05,256343.0,27.0,1.05,1.23
United Kingdom,2021-09-12,203315.0,67.0,0.79,2.48
United Kingdom,2021-09-19,230690.0,100.0,1.13,1.49
United Kingdom,2021-09-26,239983.0,61.0,1.04,0.61
United Kingdom,2021-10-03,249882.0,46.0,1.04,0.75
United Kingdom,2021-10-10,284096.0,37.0,1.14,0.80
United Kingdom,2021-10-17,330874.0,31.0,1.16,0.84
United Kingdom,2021-10-24,285504.0,24.0,0.86,0.77
United Kingdom,2021-10-31,252722.0,26.0,0.89,1.08
United Kingdom,2021-11-07,253795.0,27.0,1.00,1.04
United Kingdom,2021-11-14,282169.0,25.0,1.11,0.93
United Kingdom,2021-11-21,306009.0,23.0,1.08,0.92
United Kingdom,2021-11-28,312276.0,23.0,1.02,1.00
United Kingdom,2021-12-05,351762.0,23.0,1.13,1.00
United Kingdom,2021-12-12,509322.0,21.0,1.45,0.91
United Kingdom,2021-12-19,735698.0,15.0,1.44,0.71
United Kingdom,2021-12-26,1091177.0,14.0,1.48,0.93
United Kingdom,2022-01-02,1238290.0,23.0,1.13,1.64
United Kingdom,2022-01-09,816795.0,28.0,0.66,1.22
United Kingdom,2022-01-16,639696.0,26.0,0.78,0.93
United Kingdom,2022-01-23,624325.0,26.0,0.98,1.00
United Kingdom,2022-01-30,499088.0,25.0,0.80,0.96
United Kingdom,2022-02-06,518569.0,25.0,1.04,1.00
United Kingdom,2022-02-13,321281.0,21.0,0.62,0.84
United Kingdom,2022-02-20,221278.0,22.0,0.69,1.05
United Kingdom,2022-02-27,317123.0,24.0,1.43,1.09
United Kingdom,2022-03-06,414480.0,25.0,1.31,1.04
United Kingdom,2022-03-13,567711.0,25.0,1.37,1.00
United Kingdom,2022-03-20,602481.0,24.0,1.06,0.96
United Kingdom,2022-03-27,528960.0,25.0,0.88,1.04
United Kingdom,2022-04-03,334106.0,22.0,0.63,0.88
United Kingdom,2022-04-10,200018.0,18.0,0.60,0.82
United States,2020-01-26,6.0,100.0,1,1
United States,2020-02-02,4.0,99.0,0.67,0.99
United States,2020-02-09,2.0,97.0,0.50,0.98
United States,2020-02-16,2.0,92.0,1.00,0.95
United States,2020-02-23,9.0,96.0,4.50,1.04
United States,2020-03-01,378.0,91.0,42.00,0.95
United States,2020-03-08,2575.0,86.0,6.81,0.95
United States,2020-03-15,23047.0,73.0,8.95,0.85
United States,2020-03-22,101392.0,78.0,4.40,1.07
United States,2020-03-29,192359.0,80.0,1.90,1.03
United States,2020-04-05,220938.0,74.0,1.15,0.93
United States,2020-04-12,197750.0,75.0,0.90,1.01
United States,2020-04-19,206306.0,80.0,1.04,1.07
United States,2020-04-26,193404.0,92.0,0.94,1.15
United States,2020-05-03,175412.0,81.0,0.91,0.88
United States,2020-05-10,156011.0,76.0,0.89,0.94
United States,2020-05-17,153534.0,71.0,0.98,0.93
United States,2020-05-24,146186.0,64.0,0.95,0.90
United States,2020-05-31,150647.0,68.0,1.03,1.06
United States,2020-06-07,148757.0,70.0,0.99,1.03
United States,2020-06-14,182606.0,68.0,1.23,0.97
United States,2020-06-21,259716.0,69.0,1.42,1.01
United States,2020-06-28,335559.0,64.0,1.29,0.93
United States,2020-07-05,403385.0,73.0,1.20,1.14
United States,2020-07-12,452797.0,75.0,1.12,1.03
United States,2020-07-19,462570.0,73.0,1.02,0.97
United States,2020-07-26,435922.0,76.0,0.94,1.04
United States,2020-08-02,389502.0,73.0,0.89,0.96
United States,2020-08-09,392263.0,77.0,1.01,1.05
United States,2020-08-16,301694.0,83.0,0.77,1.08
United States,2020-08-23,290673.0,80.0,0.96,0.96
United States,2020-08-30,286535.0,84.0,0.99,1.05
United States,2020-09-06,243722.0,79.0,0.85,0.94
United States,2020-09-13,289608.0,88.0,1.19,1.11
United States,2020-09-20,292611.0,83.0,1.01,0.94
United States,2020-09-27,301157.0,76.0,1.03,0.92
United States,2020-10-04,332512.0,77.0,1.10,1.01
United States,2020-10-11,386092.0,66.0,1.16,0.86
United States,2020-10-18,482162.0,67.0,1.25,1.02
United States,2020-10-25,567724.0,62.0,1.18,0.93
United States,2020-11-01,766873.0,57.0,1.35,0.92
United States,2020-11-08,1023233.0,63.0,1.33,1.11
United States,2020-11-15,1203210.0,61.0,1.18,0.97
United States,2020-11-22,1181987.0,44.0,0.98,0.72
United States,2020-11-29,1366158.0,59.0,1.16,1.34
United States,2020-12-06,1518248.0,58.0,1.11,0.98
United States,2020-12-13,1556616.0,57.0,1.03,0.98
United States,2020-12-20,1368990.0,36.0,0.88,0.63
United States,2020-12-27,1499802.0,36.0,1.10,1.00
United States,2021-01-03,1736614.0,56.0,1.16,1.56
United States,2021-01-10,1564237.0,58.0,0.90,1.04
United States,2021-01-17,1224200.0,61.0,0.78,1.05
United States,2021-01-24,1057651.0,64.0,0.86,1.05
United States,2021-01-31,852579.0,66.0,0.81,1.03
United States,2021-02-07,661007.0,63.0,0.78,0.95
United States,2021-02-14,473339.0,57.0,0.72,0.90
United States,2021-02-21,483614.0,63.0,1.02,1.11
United States,2021-02-28,425532.0,64.0,0.88,1.02
United States,2021-03-07,380200.0,61.0,0.89,0.95
United States,2021-03-14,386537.0,59.0,1.02,0.97
United States,2021-03-21,431478.0,58.0,1.12,0.98
United States,2021-03-28,459180.0,55.0,1.06,0.95
United States,2021-04-04,478971.0,59.0,1.04,1.07
United States,2021-04-11,479027.0,64.0,1.00,1.08
United States,2021-04-18,413753.0,63.0,0.86,0.98
United States,2021-04-25,350231.0,63.0,0.85,1.00
United States,2021-05-02,294367.0,62.0,0.84,0.98
United States,2021-05-09,238588.0,63.0,0.81,1.02
United States,2021-05-16,181714.0,60.0,0.76,0.95
United States,2021-05-23,147244.0,56.0,0.81,0.93
United States,2021-05-30,103061.0,52.0,0.70,0.93
United States,2021-06-06,100785.0,53.0,0.98,1.02
United States,2021-06-13,81687.0,50.0,0.81,0.94
United States,2021-06-20,87384.0,49.0,1.07,0.98
United States,2021-06-27,91365.0,47.0,1.05,0.96
United States,2021-07-04,134224.0,48.0,1.47,1.02
United States,2021-07-11,223005.0,51.0,1.66,1.06
United States,2021-07-18,362710.0,51.0,1.63,1.00
United States,2021-07-25,553812.0,52.0,1.53,1.02
United States,2021-08-01,777705.0,55.0,1.40,1.06
United States,2021-08-08,910865.0,56.0,1.17,1.02
United States,2021-08-15,1045833.0,59.0,1.15,1.05
United States,2021-08-22,1087214.0,64.0,1.04,1.08
United States,2021-08-29,1152150.0,64.0,1.06,1.00
United States,2021-09-05,1040890.0,60.0,0.90,0.94
United States,2021-09-12,1022384.0,72.0,0.98,1.20
United States,2021-09-19,834168.0,94.0,0.82,1.31
United States,2021-09-26,757813.0,80.0,0.91,0.85
United States,2021-10-03,666875.0,74.0,0.88,0.93
United States,2021-10-10,590988.0,67.0,0.89,0.91
United States,2021-10-17,510519.0,68.0,0.86,1.01
United States,2021-10-24,505414.0,67.0,0.99,0.99
United States,2021-10-31,513040.0,69.0,1.02,1.03
United States,2021-11-07,566083.0,65.0,1.10,0.94
United States,2021-11-14,648105.0,64.0,1.14,0.98
United States,2021-11-21,506646.0,44.0,0.78,0.69
United States,2021-11-28,847463.0,62.0,1.67,1.41
United States,2021-12-05,835345.0,60.0,0.99,0.97
United States,2021-12-12,910589.0,55.0,1.09,0.92
United States,2021-12-19,1357301.0,38.0,1.49,0.69
United States,2021-12-26,2835977.0,37.0,2.09,0.97
United States,2022-01-02,4907630.0,57.0,1.73,1.54
United States,2022-01-09,5654028.0,62.0,1.15,1.09
United States,2022-01-16,5067987.0,61.0,0.90,0.98
United States,2022-01-23,3703423.0,65.0,0.73,1.07
United States,2022-01-30,2111179.0,67.0,0.57,1.03
United States,2022-02-06,1264976.0,66.0,0.60,0.99
United States,2022-02-13,732787.0,63.0,0.58,0.95
United States,2022-02-20,469254.0,59.0,0.64,0.94
United States,2022-02-27,332069.0,64.0,0.71,1.08
United States,2022-03-06,250467.0,65.0,0.75,1.02
United States,2022-03-13,212359.0,57.0,0.85,0.88
United States,2022-03-20,217805.0,62.0,1.03,1.09
United States,2022-03-27,202993.0,65.0,0.93,1.05
United States,2022-04-03,246102.0,64.0,1.21,0.98
United States,2022-04-10,176362.0,59.0,0.72,0.92
World,2020-01-26,10601.0,76.0,1,1
World,2020-02-02,25093.0,69.0,2.37,0.91
World,2020-02-09,31924.0,65.0,1.27,0.94
World,2020-02-16,9553.0,63.0,0.30,0.97
World,2020-02-23,7422.0,63.0,0.78,1.00
World,2020-03-01,20092.0,60.0,2.71,0.95
World,2020-03-08,51523.0,55.0,2.56,0.92
World,2020-03-15,147813.0,56.0,2.87,1.02
World,2020-03-22,365088.0,53.0,2.47,0.95
World,2020-03-29,524946.0,50.0,1.44,0.94
World,2020-04-05,549736.0,47.0,1.05,0.94
World,2020-04-12,613213.0,48.0,1.12,1.02
World,2020-04-19,572681.0,51.0,0.93,1.06
World,2020-04-26,547853.0,55.0,0.96,1.08
World,2020-05-03,588492.0,51.0,1.07,0.93
World,2020-05-10,607129.0,49.0,1.03,0.96
World,2020-05-17,686439.0,48.0,1.13,0.98
World,2020-05-24,754305.0,45.0,1.10,0.94
World,2020-05-31,842777.0,50.0,1.12,1.11
World,2020-06-07,874714.0,49.0,1.04,0.98
World,2020-06-14,1053863.0,50.0,1.20,1.02
World,2020-06-21,1142992.0,49.0,1.08,0.98
World,2020-06-28,1316998.0,47.0,1.15,0.96
World,2020-07-05,1448787.0,49.0,1.10,1.04
World,2020-07-12,1555315.0,50.0,1.07,1.02
World,2020-07-19,1751751.0,47.0,1.13,0.94
World,2020-07-26,1796592.0,59.0,1.03,1.26
World,2020-08-02,1812248.0,49.0,1.01,0.83
World,2020-08-09,1853821.0,49.0,1.02,1.00
World,2020-08-16,1756803.0,52.0,0.95,1.06
World,2020-08-23,1791421.0,53.0,1.02,1.02
World,2020-08-30,1893358.0,57.0,1.06,1.08
World,2020-09-06,1894897.0,59.0,1.00,1.04
World,2020-09-13,2035931.0,59.0,1.07,1.00
World,2020-09-20,2047341.0,58.0,1.01,0.98
World,2020-09-27,2062222.0,54.0,1.01,0.93
World,2020-10-04,2310378.0,54.0,1.12,1.00
World,2020-10-11,2466857.0,50.0,1.07,0.93
World,2020-10-18,2964288.0,48.0,1.20,0.96
World,2020-10-25,3424124.0,45.0,1.16,0.94
World,2020-11-01,3924559.0,45.0,1.15,1.00
World,2020-11-08,4079462.0,45.0,1.04,1.00
World,2020-11-15,4158600.0,46.0,1.02,1.02
World,2020-11-22,4131535.0,41.0,0.99,0.89
World,2020-11-29,4284104.0,43.0,1.04,1.05
World,2020-12-06,4406039.0,45.0,1.03,1.05
World,2020-12-13,4553731.0,43.0,1.03,0.96
World,2020-12-20,4149679.0,34.0,0.91,0.79
World,2020-12-27,4316864.0,34.0,1.04,1.00
World,2021-01-03,5074794.0,45.0,1.18,1.32
World,2021-01-10,4855479.0,46.0,0.96,1.02
World,2021-01-17,4235637.0,50.0,0.87,1.09
World,2021-01-24,3825722.0,49.0,0.90,0.98
World,2021-01-31,3274805.0,49.0,0.86,1.00
World,2021-02-07,2795044.0,48.0,0.85,0.98
World,2021-02-14,2531864.0,46.0,0.91,0.96
World,2021-02-21,2745758.0,49.0,1.08,1.07
World,2021-02-28,2767312.0,50.0,1.01,1.02
World,2021-03-07,2987828.0,48.0,1.08,0.96
World,2021-03-14,3341445.0,48.0,1.12,1.00
World,2021-03-21,3878193.0,45.0,1.16,0.94
World,2021-03-28,4083045.0,42.0,1.05,0.93
World,2021-04-04,4585454.0,43.0,1.12,1.02
World,2021-04-11,5372669.0,44.0,1.17,1.02
World,2021-04-18,5750516.0,45.0,1.07,1.02
World,2021-04-25,5736376.0,42.0,1.00,0.93
World,2021-05-02,5500878.0,42.0,0.96,1.00
World,2021-05-09,4845395.0,41.0,0.88,0.98
World,2021-05-16,4214654.0,44.0,0.87,1.07
World,2021-05-23,3568497.0,42.0,0.85,0.95
World,2021-05-30,3027541.0,45.0,0.85,1.07
World,2021-06-06,2678901.0,43.0,0.88,0.96
World,2021-06-13,2524546.0,44.0,0.94,1.02
World,2021-06-20,2597947.0,44.0,1.03,1.00
World,2021-06-27,2677685.0,41.0,1.03,0.93
World,2021-07-04,3038319.0,43.0,1.13,1.05
World,2021-07-11,3529700.0,43.0,1.16,1.00
World,2021-07-18,3781924.0,41.0,1.07,0.95
World,2021-07-25,4135537.0,44.0,1.09,1.07
World,2021-08-01,4434975.0,43.0,1.07,0.98
World,2021-08-08,4525621.0,45.0,1.02,1.05
World,2021-08-15,4606312.0,45.0,1.02,1.00
World,2021-08-22,4592484.0,48.0,1.00,1.07
World,2021-08-29,4356990.0,50.0,0.95,1.04
World,2021-09-05,3985775.0,50.0,0.91,1.00
World,2021-09-12,3674772.0,74.0,0.92,1.48
World,2021-09-19,3386455.0,100.0,0.92,1.35
World,2021-09-26,3142476.0,72.0,0.93,0.72
World,2021-10-03,2963953.0,62.0,0.94,0.86
World,2021-10-10,2856788.0,53.0,0.96,0.85
World,2021-10-17,2977566.0,54.0,1.04,1.02
World,2021-10-24,3061252.0,51.0,1.03,0.94
World,2021-10-31,3194823.0,48.0,1.04,0.94
World,2021-11-07,3436429.0,52.0,1.08,1.08
World,2021-11-14,3767218.0,50.0,1.10,0.96
World,2021-11-21,3948297.0,45.0,1.05,0.90
World,2021-11-28,4337006.0,48.0,1.10,1.07
World,2021-12-05,4323380.0,48.0,1.00,1.00
World,2021-12-12,4524455.0,45.0,1.05,0.94
World,2021-12-19,5516669.0,34.0,1.22,0.76
World,2021-12-26,9785265.0,37.0,1.77,1.09
World,2022-01-02,16133988.0,45.0,1.65,1.22
World,2022-01-09,20703663.0,47.0,1.28,1.04
World,2022-01-16,23018954.0,48.0,1.11,1.02
World,2022-01-23,23309701.0,48.0,1.01,1.00
World,2022-01-30,19750071.0,49.0,0.85,1.02
World,2022-02-06,16652325.0,48.0,0.84,0.98
World,2022-02-13,13006892.0,50.0,0.78,1.04
World,2022-02-20,11194376.0,47.0,0.86,0.94
World,2022-02-27,10769700.0,48.0,0.96,1.02
World,2022-03-06,11685362.0,48.0,1.09,1.00
World,2022-03-13,12612394.0,47.0,1.08,0.98
World,2022-03-20,11237857.0,50.0,0.89,1.06
World,2022-03-27,9801390.0,51.0,0.87,1.02
World,2022-04-03,7683562.0,49.0,0.78,0.96
World,2022-04-10,4592348.0,44.0,0.60,0.90
