Country,Date,new_case_weekly
Australia,2020-01-26,12.0
Australia,2020-02-02,3.0
Australia,2020-02-09,0.0
Australia,2020-02-16,0.0
Australia,2020-02-23,10.0
Australia,2020-03-01,38.0
Australia,2020-03-08,187.0
Australia,2020-03-15,821.0
Australia,2020-03-22,2569.0
Australia,2020-03-29,1910.0
Australia,2020-04-05,753.0
Australia,2020-04-12,265.0
Australia,2020-04-19,126.0
Australia,2020-04-26,105.0
Australia,2020-05-03,140.0
Australia,2020-05-10,105.0
Australia,2020-05-17,70.0
Australia,2020-05-24,78.0
Australia,2020-05-31,67.0
Australia,2020-06-07,61.0
Australia,2020-06-14,141.0
Australia,2020-06-21,225.0
Australia,2020-06-28,757.0
Australia,2020-07-05,1354.0
Australia,2020-07-12,2005.0
Australia,2020-07-19,2601.0
Australia,2020-07-26,3492.0
Australia,2020-08-02,3189.0
Australia,2020-08-09,2203.0
Australia,2020-08-16,1524.0
Australia,2020-08-23,859.0
Australia,2020-08-30,608.0
Australia,2020-09-06,373.0
Australia,2020-09-13,247.0
Australia,2020-09-20,142.0
Australia,2020-09-27,95.0
Australia,2020-10-04,128.0
Australia,2020-10-11,127.0
Australia,2020-10-18,123.0
Australia,2020-10-25,82.0
Australia,2020-11-01,63.0
Australia,2020-11-08,53.0
Australia,2020-11-15,110.0
Australia,2020-11-22,71.0
Australia,2020-11-29,73.0
Australia,2020-12-06,65.0
Australia,2020-12-13,138.0
Australia,2020-12-20,140.0
Australia,2020-12-27,176.0
Australia,2021-01-03,111.0
Australia,2021-01-10,113.0
Australia,2021-01-17,58.0
Australia,2021-01-24,45.0
Australia,2021-01-31,40.0
Australia,2021-02-07,47.0
Australia,2021-02-14,28.0
Australia,2021-02-21,44.0
Australia,2021-02-28,64.0
Australia,2021-03-07,83.0
Australia,2021-03-14,79.0
Australia,2021-03-21,63.0
Australia,2021-03-28,89.0
Australia,2021-04-04,57.0
Australia,2021-04-11,114.0
Australia,2021-04-18,144.0
Australia,2021-04-25,161.0
Australia,2021-05-02,98.0
Australia,2021-05-09,53.0
Australia,2021-05-16,32.0
Australia,2021-05-23,89.0
Australia,2021-05-30,77.0
Australia,2021-06-06,75.0
Australia,2021-06-13,83.0
Australia,2021-06-20,168.0
Australia,2021-06-27,254.0
Australia,2021-07-04,347.0
Australia,2021-07-11,799.0
Australia,2021-07-18,1019.0
Australia,2021-07-25,1465.0
Australia,2021-08-01,1945.0
Australia,2021-08-08,2769.0
Australia,2021-08-15,4929.0
Australia,2021-08-22,7230.0
Australia,2021-08-29,10363.0
Australia,2021-09-05,11984.0
Australia,2021-09-12,12025.0
Australia,2021-09-19,11931.0
Australia,2021-09-26,13829.0
Australia,2021-10-03,16083.0
Australia,2021-10-10,15733.0
Australia,2021-10-17,15342.0
Australia,2021-10-24,12018.0
Australia,2021-10-31,9750.0
Australia,2021-11-07,9294.0
Australia,2021-11-14,8834.0
Australia,2021-11-21,9542.0
Australia,2021-11-28,9852.0
Australia,2021-12-05,11089.0
Australia,2021-12-12,21726.0
Australia,2021-12-19,49943.0
Australia,2021-12-26,162361.0
Australia,2022-01-02,509502.0
Australia,2022-01-09,753659.0
Australia,2022-01-16,470754.0
Australia,2022-01-23,373653.0
Australia,2022-01-30,183593.0
Australia,2022-02-06,175034.0
Australia,2022-02-13,130918.0
Australia,2022-02-20,157479.0
Australia,2022-02-27,173918.0
Australia,2022-03-06,234431.0
Australia,2022-03-13,303672.0
Australia,2022-03-20,375072.0
Australia,2022-03-27,401050.0
Australia,2022-04-03,383382.0
Australia,2022-04-10,249216.0
Brazil,2020-02-26,2.0
Brazil,2020-03-04,29.0
Brazil,2020-03-11,290.0
Brazil,2020-03-18,1926.0
Brazil,2020-03-25,3470.0
Brazil,2020-04-01,8317.0
Brazil,2020-04-08,11228.0
Brazil,2020-04-15,17817.0
Brazil,2020-04-22,30156.0
Brazil,2020-04-29,42220.0
Brazil,2020-05-06,62759.0
Brazil,2020-05-13,93671.0
Brazil,2020-05-20,123282.0
Brazil,2020-05-27,167796.0
Brazil,2020-06-03,180954.0
Brazil,2020-06-10,186388.0
Brazil,2020-06-17,243746.0
Brazil,2020-06-24,258414.0
Brazil,2020-07-01,264179.0
Brazil,2020-07-08,256943.0
Brazil,2020-07-15,237288.0
Brazil,2020-07-22,332602.0
Brazil,2020-07-29,308766.0
Brazil,2020-08-05,305706.0
Brazil,2020-08-12,298622.0
Brazil,2020-08-19,261504.0
Brazil,2020-08-26,280879.0
Brazil,2020-09-02,209632.0
Brazil,2020-09-09,219364.0
Brazil,2020-09-16,211035.0
Brazil,2020-09-23,185275.0
Brazil,2020-09-30,190804.0
Brazil,2020-10-07,143431.0
Brazil,2020-10-14,160038.0
Brazil,2020-10-21,166452.0
Brazil,2020-10-28,125593.0
Brazil,2020-11-04,155445.0
Brazil,2020-11-11,190302.0
Brazil,2020-11-18,210223.0
Brazil,2020-11-25,267198.0
Brazil,2020-12-02,287817.0
Brazil,2020-12-09,300456.0
Brazil,2020-12-16,344712.0
Brazil,2020-12-23,244028.0
Brazil,2020-12-30,248673.0
Brazil,2021-01-06,385653.0
Brazil,2021-01-13,378196.0
Brazil,2021-01-20,358987.0
Brazil,2021-01-27,350817.0
Brazil,2021-02-03,315486.0
Brazil,2021-02-10,330325.0
Brazil,2021-02-17,330148.0
Brazil,2021-02-24,388923.0
Brazil,2021-03-03,477893.0
Brazil,2021-03-10,484759.0
Brazil,2021-03-17,526614.0
Brazil,2021-03-24,527230.0
Brazil,2021-03-31,445352.0
Brazil,2021-04-07,493399.0
Brazil,2021-04-14,446744.0
Brazil,2021-04-21,397041.0
Brazil,2021-04-28,414005.0
Brazil,2021-05-05,426394.0
Brazil,2021-05-12,449510.0
Brazil,2021-05-19,458193.0
Brazil,2021-05-26,431496.0
Brazil,2021-06-02,412955.0
Brazil,2021-06-09,503013.0
Brazil,2021-06-16,550643.0
Brazil,2021-06-23,419741.0
Brazil,2021-06-30,340658.0
Brazil,2021-07-07,297833.0
Brazil,2021-07-14,267092.0
Brazil,2021-07-21,329574.0
Brazil,2021-07-28,235560.0
Brazil,2021-08-04,227123.0
Brazil,2021-08-11,204561.0
Brazil,2021-08-18,197127.0
Brazil,2021-08-25,162515.0
Brazil,2021-09-01,133137.0
Brazil,2021-09-08,107302.0
Brazil,2021-09-15,117900.0
Brazil,2021-09-22,125113.0
Brazil,2021-09-29,112100.0
Brazil,2021-10-06,89261.0
Brazil,2021-10-13,76400.0
Brazil,2021-10-20,83705.0
Brazil,2021-10-27,70177.0
Brazil,2021-11-03,78080.0
Brazil,2021-11-10,68088.0
Brazil,2021-11-17,66771.0
Brazil,2021-11-24,62035.0
Brazil,2021-12-01,63088.0
Brazil,2021-12-08,37398.0
Brazil,2021-12-15,23314.0
Brazil,2021-12-22,35327.0
Brazil,2021-12-29,68982.0
Brazil,2022-01-05,308107.0
Brazil,2022-01-12,593492.0
Brazil,2022-01-19,1112471.0
Brazil,2022-01-26,1292459.0
Brazil,2022-02-02,1158716.0
Brazil,2022-02-09,883971.0
Brazil,2022-02-16,684483.0
Brazil,2022-02-23,456899.0
Brazil,2022-03-02,333468.0
Brazil,2022-03-09,288721.0
Brazil,2022-03-16,250602.0
Brazil,2022-03-23,195550.0
Brazil,2022-03-30,155081.0
Brazil,2022-04-06,142014.0
Brazil,2022-04-13,49738.0
Canada,2020-01-23,4.0
Canada,2020-01-30,2.0
Canada,2020-02-06,3.0
Canada,2020-02-13,1.0
Canada,2020-02-20,10.0
Canada,2020-02-27,39.0
Canada,2020-03-05,169.0
Canada,2020-03-12,869.0
Canada,2020-03-19,3472.0
Canada,2020-03-26,7454.0
Canada,2020-04-02,9701.0
Canada,2020-04-09,10475.0
Canada,2020-04-16,12266.0
Canada,2020-04-23,11110.0
Canada,2020-04-30,10352.0
Canada,2020-05-07,8023.0
Canada,2020-05-14,8088.0
Canada,2020-05-21,6681.0
Canada,2020-05-28,5453.0
Canada,2020-06-04,3420.0
Canada,2020-06-11,2640.0
Canada,2020-06-18,2410.0
Canada,2020-06-25,2188.0
Canada,2020-07-02,2038.0
Canada,2020-07-09,2510.0
Canada,2020-07-16,3285.0
Canada,2020-07-23,3325.0
Canada,2020-07-30,2650.0
Canada,2020-08-06,2515.0
Canada,2020-08-13,2753.0
Canada,2020-08-20,3013.0
Canada,2020-08-27,3779.0
Canada,2020-09-03,4502.0
Canada,2020-09-10,6275.0
Canada,2020-09-17,8614.0
Canada,2020-09-24,12471.0
Canada,2020-10-01,14159.0
Canada,2020-10-08,16042.0
Canada,2020-10-15,16926.0
Canada,2020-10-22,19452.0
Canada,2020-10-29,22106.0
Canada,2020-11-05,30683.0
Canada,2020-11-12,33700.0
Canada,2020-11-19,37398.0
Canada,2020-11-26,42610.0
Canada,2020-12-03,45906.0
Canada,2020-12-10,47463.0
Canada,2020-12-17,47662.0
Canada,2020-12-24,46587.0
Canada,2020-12-31,54923.0
Canada,2021-01-07,52729.0
Canada,2021-01-14,41849.0
Canada,2021-01-21,33919.0
Canada,2021-01-28,27484.0
Canada,2021-02-04,23506.0
Canada,2021-02-11,20224.0
Canada,2021-02-18,21232.0
Canada,2021-02-25,20425.0
Canada,2021-03-04,21584.0
Canada,2021-03-11,23421.0
Canada,2021-03-18,28828.0
Canada,2021-03-25,37289.0
Canada,2021-04-01,48168.0
Canada,2021-04-08,61149.0
Canada,2021-04-15,58766.0
Canada,2021-04-22,55462.0
Canada,2021-04-29,53164.0
Canada,2021-05-06,47480.0
Canada,2021-05-13,35783.0
Canada,2021-05-20,23933.0
Canada,2021-05-27,16545.0
Canada,2021-06-03,11067.0
Canada,2021-06-10,7911.0
Canada,2021-06-17,5494.0
Canada,2021-06-24,4159.0
Canada,2021-07-01,3148.0
Canada,2021-07-08,2816.0
Canada,2021-07-15,2909.0
Canada,2021-07-22,4038.0
Canada,2021-07-29,6147.0
Canada,2021-08-05,11016.0
Canada,2021-08-12,15079.0
Canada,2021-08-19,19376.0
Canada,2021-08-26,24018.0
Canada,2021-09-02,26299.0
Canada,2021-09-09,30248.0
Canada,2021-09-16,30094.0
Canada,2021-09-23,30382.0
Canada,2021-09-30,26967.0
Canada,2021-10-07,22705.0
Canada,2021-10-14,20144.0
Canada,2021-10-21,16499.0
Canada,2021-10-28,15887.0
Canada,2021-11-04,17668.0
Canada,2021-11-11,16988.0
Canada,2021-11-18,18269.0
Canada,2021-11-25,21164.0
Canada,2021-12-02,23834.0
Canada,2021-12-09,35398.0
Canada,2021-12-16,83122.0
Canada,2021-12-23,193882.0
Canada,2021-12-30,274397.0
Canada,2022-01-06,268859.0
Canada,2022-01-13,191264.0
Canada,2022-01-20,119168.0
Canada,2022-01-27,109410.0
Canada,2022-02-03,74711.0
Canada,2022-02-10,57644.0
Canada,2022-02-17,41394.0
Canada,2022-02-24,38731.0
Canada,2022-03-03,43017.0
Canada,2022-03-10,35724.0
Canada,2022-03-17,37243.0
Canada,2022-03-24,51712.0
Canada,2022-03-31,46763.0
Canada,2022-04-07,81436.0
Canada,2022-04-14,18945.0
Cuba,2020-03-12,7.0
Cuba,2020-03-19,50.0
Cuba,2020-03-26,155.0
Cuba,2020-04-02,245.0
Cuba,2020-04-09,357.0
Cuba,2020-04-16,375.0
Cuba,2020-04-23,278.0
Cuba,2020-04-30,236.0
Cuba,2020-05-07,107.0
Cuba,2020-05-14,90.0
Cuba,2020-05-21,74.0
Cuba,2020-05-28,133.0
Cuba,2020-06-04,104.0
Cuba,2020-06-11,69.0
Cuba,2020-06-18,39.0
Cuba,2020-06-25,29.0
Cuba,2020-07-02,51.0
Cuba,2020-07-09,39.0
Cuba,2020-07-16,24.0
Cuba,2020-07-23,126.0
Cuba,2020-07-30,138.0
Cuba,2020-08-06,402.0
Cuba,2020-08-13,354.0
Cuba,2020-08-20,277.0
Cuba,2020-08-27,367.0
Cuba,2020-09-03,333.0
Cuba,2020-09-10,417.0
Cuba,2020-09-17,394.0
Cuba,2020-09-24,327.0
Cuba,2020-10-01,301.0
Cuba,2020-10-08,137.0
Cuba,2020-10-15,333.0
Cuba,2020-10-22,359.0
Cuba,2020-10-29,417.0
Cuba,2020-11-05,285.0
Cuba,2020-11-12,275.0
Cuba,2020-11-19,322.0
Cuba,2020-11-26,430.0
Cuba,2020-12-03,650.0
Cuba,2020-12-10,565.0
Cuba,2020-12-17,829.0
Cuba,2020-12-24,1187.0
Cuba,2020-12-31,1478.0
Cuba,2021-01-07,2879.0
Cuba,2021-01-14,3078.0
Cuba,2021-01-21,4317.0
Cuba,2021-01-28,6090.0
Cuba,2021-02-04,5393.0
Cuba,2021-02-11,5843.0
Cuba,2021-02-18,6131.0
Cuba,2021-02-25,5605.0
Cuba,2021-03-04,5878.0
Cuba,2021-03-11,5346.0
Cuba,2021-03-18,5261.0
Cuba,2021-03-25,6277.0
Cuba,2021-04-01,7338.0
Cuba,2021-04-08,6803.0
Cuba,2021-04-15,7356.0
Cuba,2021-04-22,7752.0
Cuba,2021-04-29,7142.0
Cuba,2021-05-06,7721.0
Cuba,2021-05-13,8719.0
Cuba,2021-05-20,8534.0
Cuba,2021-05-27,7886.0
Cuba,2021-06-03,7906.0
Cuba,2021-06-10,9577.0
Cuba,2021-06-17,10912.0
Cuba,2021-06-24,18084.0
Cuba,2021-07-01,23584.0
Cuba,2021-07-08,42030.0
Cuba,2021-07-15,44247.0
Cuba,2021-07-22,57524.0
Cuba,2021-07-29,64236.0
Cuba,2021-08-05,61096.0
Cuba,2021-08-12,61565.0
Cuba,2021-08-19,65888.0
Cuba,2021-08-26,48301.0
Cuba,2021-09-02,53528.0
Cuba,2021-09-09,55505.0
Cuba,2021-09-16,56854.0
Cuba,2021-09-23,47074.0
Cuba,2021-09-30,31683.0
Cuba,2021-10-07,22212.0
Cuba,2021-10-14,13807.0
Cuba,2021-10-21,8720.0
Cuba,2021-10-28,4903.0
Cuba,2021-11-04,3582.0
Cuba,2021-11-11,2221.0
Cuba,2021-11-18,1905.0
Cuba,2021-11-25,1170.0
Cuba,2021-12-02,719.0
Cuba,2021-12-09,466.0
Cuba,2021-12-16,504.0
Cuba,2021-12-23,926.0
Cuba,2021-12-30,3895.0
Cuba,2022-01-06,16264.0
Cuba,2022-01-13,23214.0
Cuba,2022-01-20,22554.0
Cuba,2022-01-27,16690.0
Cuba,2022-02-03,8986.0
Cuba,2022-02-10,5902.0
Cuba,2022-02-17,4179.0
Cuba,2022-02-24,3803.0
Cuba,2022-03-03,3739.0
Cuba,2022-03-10,4056.0
Cuba,2022-03-17,5166.0
Cuba,2022-03-24,5761.0
Cuba,2022-03-31,4900.0
Cuba,2022-04-07,3762.0
Cuba,2022-04-14,449.0
France,2020-01-24,5.0
France,2020-01-31,1.0
France,2020-02-07,5.0
France,2020-02-14,1.0
France,2020-02-21,26.0
France,2020-02-28,388.0
France,2020-03-06,1867.0
France,2020-03-13,8669.0
France,2020-03-20,18246.0
France,2020-03-27,29964.0
France,2020-04-03,16362.0
France,2020-04-10,90128.0
France,2020-04-17,13699.0
France,2020-04-24,13157.0
France,2020-05-01,8233.0
France,2020-05-08,3539.0
France,2020-05-15,2761.0
France,2020-05-22,5397.0
France,2020-05-29,7386.0
France,2020-06-05,3309.0
France,2020-06-12,3562.0
France,2020-06-19,3112.0
France,2020-06-26,4327.0
France,2020-07-03,3647.0
France,2020-07-10,3761.0
France,2020-07-17,5656.0
France,2020-07-24,7095.0
France,2020-07-31,9007.0
France,2020-08-07,13829.0
France,2020-08-14,20412.0
France,2020-08-21,30041.0
France,2020-08-28,40683.0
France,2020-09-04,53595.0
France,2020-09-11,61620.0
France,2020-09-18,81718.0
France,2020-09-25,80270.0
France,2020-10-02,94190.0
France,2020-10-09,138109.0
France,2020-10-16,188910.0
France,2020-10-23,284283.0
France,2020-10-30,365110.0
France,2020-11-06,297438.0
France,2020-11-13,187238.0
France,2020-11-20,97733.0
France,2020-11-27,73763.0
France,2020-12-04,80706.0
France,2020-12-11,89419.0
France,2020-12-18,100252.0
France,2020-12-25,92961.0
France,2021-01-01,106914.0
France,2021-01-08,124426.0
France,2021-01-15,136423.0
France,2021-01-22,142833.0
France,2021-01-29,120632.0
France,2021-02-05,155659.0
France,2021-02-12,130092.0
France,2021-02-19,150286.0
France,2021-02-26,148896.0
France,2021-03-05,155013.0
France,2021-03-12,191170.0
France,2021-03-19,242552.0
France,2021-03-26,271100.0
France,2021-04-02,244259.0
France,2021-04-09,248655.0
France,2021-04-16,220760.0
France,2021-04-23,183824.0
France,2021-04-30,135733.0
France,2021-05-07,113073.0
France,2021-05-14,76346.0
France,2021-05-21,67140.0
France,2021-05-28,58568.0
France,2021-06-04,36001.0
France,2021-06-11,19842.0
France,2021-06-18,14732.0
France,2021-06-25,13692.0
France,2021-07-02,21198.0
France,2021-07-09,34292.0
France,2021-07-16,100377.0
France,2021-07-23,145641.0
France,2021-07-30,155035.0
France,2021-08-06,165390.0
France,2021-08-13,158672.0
France,2021-08-20,135739.0
France,2021-08-27,104711.0
France,2021-09-03,80546.0
France,2021-09-10,57028.0
France,2021-09-17,43082.0
France,2021-09-24,35775.0
France,2021-10-01,29923.0
France,2021-10-08,31028.0
France,2021-10-15,33941.0
France,2021-10-22,38581.0
France,2021-10-29,43601.0
France,2021-11-05,66344.0
France,2021-11-12,94699.0
France,2021-11-19,165447.0
France,2021-11-26,256808.0
France,2021-12-03,332266.0
France,2021-12-10,354955.0
France,2021-12-17,428949.0
France,2021-12-24,851342.0
France,2021-12-31,1444004.0
France,2022-01-07,2060195.0
France,2022-01-14,2362128.0
France,2022-01-21,2522526.0
France,2022-01-28,2024617.0
France,2022-02-04,1225524.0
France,2022-02-11,696458.0
France,2022-02-18,466409.0
France,2022-02-25,365617.0
France,2022-03-04,408349.0
France,2022-03-11,551314.0
France,2022-03-18,776169.0
France,2022-03-25,979045.0
France,2022-04-01,934652.0
France,2022-04-08,898356.0
France,2022-04-15,0.0
Germany,2020-01-27,10.0
Germany,2020-02-03,4.0
Germany,2020-02-10,2.0
Germany,2020-02-17,0.0
Germany,2020-02-24,101.0
Germany,2020-03-02,730.0
Germany,2020-03-09,3991.0
Germany,2020-03-16,13772.0
Germany,2020-03-23,33937.0
Germany,2020-03-30,39167.0
Germany,2020-04-06,28765.0
Germany,2020-04-13,19418.0
Germany,2020-04-20,14278.0
Germany,2020-04-27,8321.0
Germany,2020-05-04,6722.0
Germany,2020-05-11,5137.0
Germany,2020-05-18,3926.0
Germany,2020-05-25,3201.0
Germany,2020-06-01,2497.0
Germany,2020-06-08,2290.0
Germany,2020-06-15,3553.0
Germany,2020-06-22,3677.0
Germany,2020-06-29,2836.0
Germany,2020-07-06,2469.0
Germany,2020-07-13,2770.0
Germany,2020-07-20,3695.0
Germany,2020-07-27,4624.0
Germany,2020-08-03,5998.0
Germany,2020-08-10,7562.0
Germany,2020-08-17,9411.0
Germany,2020-08-24,8907.0
Germany,2020-08-31,8214.0
Germany,2020-09-07,9443.0
Germany,2020-09-14,11987.0
Germany,2020-09-21,12725.0
Germany,2020-09-28,15097.0
Germany,2020-10-05,23627.0
Germany,2020-10-12,39110.0
Germany,2020-10-19,67207.0
Germany,2020-10-26,103749.0
Germany,2020-11-02,125575.0
Germany,2020-11-09,131998.0
Germany,2020-11-16,127766.0
Germany,2020-11-23,124431.0
Germany,2020-11-30,128623.0
Germany,2020-12-07,149393.0
Germany,2020-12-14,173293.0
Germany,2020-12-21,146849.0
Germany,2020-12-28,124808.0
Germany,2021-01-04,142861.0
Germany,2021-01-11,124991.0
Germany,2021-01-18,101418.0
Germany,2021-01-25,81427.0
Germany,2021-02-01,67647.0
Germany,2021-02-08,50551.0
Germany,2021-02-15,51998.0
Germany,2021-02-22,55777.0
Germany,2021-03-01,57846.0
Germany,2021-03-08,69063.0
Germany,2021-03-15,90271.0
Germany,2021-03-22,112885.0
Germany,2021-03-29,112985.0
Germany,2021-04-05,112882.0
Germany,2021-04-12,143994.0
Germany,2021-04-19,145156.0
Germany,2021-04-26,129404.0
Germany,2021-05-03,103507.0
Germany,2021-05-10,73105.0
Germany,2021-05-17,55524.0
Germany,2021-05-24,30190.0
Germany,2021-05-31,21219.0
Germany,2021-06-07,14602.0
Germany,2021-06-14,7012.0
Germany,2021-06-21,4729.0
Germany,2021-06-28,4202.0
Germany,2021-07-05,5253.0
Germany,2021-07-12,8516.0
Germany,2021-07-19,11217.0
Germany,2021-07-26,15364.0
Germany,2021-08-02,19504.0
Germany,2021-08-09,30247.0
Germany,2021-08-16,47184.0
Germany,2021-08-23,64350.0
Germany,2021-08-30,73094.0
Germany,2021-09-06,71999.0
Germany,2021-09-13,64476.0
Germany,2021-09-20,54262.0
Germany,2021-09-27,55922.0
Germany,2021-10-04,57973.0
Germany,2021-10-11,63516.0
Germany,2021-10-18,92368.0
Germany,2021-10-25,131393.0
Germany,2021-11-01,169483.0
Germany,2021-11-08,254436.0
Germany,2021-11-15,333473.0
Germany,2021-11-22,406754.0
Germany,2021-11-29,396429.0
Germany,2021-12-06,351738.0
Germany,2021-12-13,283673.0
Germany,2021-12-20,197845.0
Germany,2021-12-27,197948.0
Germany,2022-01-03,321107.0
Germany,2022-01-10,455541.0
Germany,2022-01-17,715470.0
Germany,2022-01-24,1055768.0
Germany,2022-01-31,1285375.0
Germany,2022-02-07,1322071.0
Germany,2022-02-14,1218465.0
Germany,2022-02-21,1119632.0
Germany,2022-02-28,1108231.0
Germany,2022-03-07,1350362.0
Germany,2022-03-14,1538666.0
Germany,2022-03-21,1576261.0
Germany,2022-03-28,1412455.0
Germany,2022-04-04,1009309.0
Germany,2022-04-11,661325.0
India,2020-01-30,3.0
India,2020-02-06,0.0
India,2020-02-13,0.0
India,2020-02-20,0.0
India,2020-02-27,25.0
India,2020-03-05,34.0
India,2020-03-12,94.0
India,2020-03-19,501.0
India,2020-03-26,1341.0
India,2020-04-02,3918.0
India,2020-04-09,6406.0
India,2020-04-16,9048.0
India,2020-04-23,11692.0
India,2020-04-30,19925.0
India,2020-05-07,25068.0
India,2020-05-14,33973.0
India,2020-05-21,46058.0
India,2020-05-28,58738.0
India,2020-06-04,69781.0
India,2020-06-11,80341.0
India,2020-06-18,106159.0
India,2020-06-25,131536.0
India,2020-07-02,162655.0
India,2020-07-09,201561.0
India,2020-07-16,269941.0
India,2020-07-23,343165.0
India,2020-07-30,382573.0
India,2020-08-06,432101.0
India,2020-08-13,440288.0
India,2020-08-20,473309.0
India,2020-08-27,543172.0
India,2020-09-03,612457.0
India,2020-09-10,652390.0
India,2020-09-17,614265.0
India,2020-09-24,580066.0
India,2020-10-01,523071.0
India,2020-10-08,471442.0
India,2020-10-15,399849.0
India,2020-10-22,333257.0
India,2020-10-29,323883.0
India,2020-11-05,319830.0
India,2020-11-12,274567.0
India,2020-11-19,308222.0
India,2020-11-26,268259.0
India,2020-12-03,232407.0
India,2020-12-10,189186.0
India,2020-12-17,167221.0
India,2020-12-24,142896.0
India,2020-12-31,128604.0
India,2021-01-07,116815.0
India,2021-01-14,98790.0
India,2021-01-21,90310.0
India,2021-01-28,88990.0
India,2021-02-04,81111.0
India,2021-02-11,78907.0
India,2021-02-18,96713.0
India,2021-02-25,110009.0
India,2021-03-04,128638.0
India,2021-03-11,189044.0
India,2021-03-18,312929.0
India,2021-03-25,434131.0
India,2021-04-01,706909.0
India,2021-04-08,1145990.0
India,2021-04-15,1856210.0
India,2021-04-22,2445647.0
India,2021-04-29,2700989.0
India,2021-05-06,2626255.0
India,2021-05-13,2068775.0
India,2021-05-20,1596653.0
India,2021-05-27,1072893.0
India,2021-06-03,740546.0
India,2021-06-10,517781.0
India,2021-06-17,382465.0
India,2021-06-24,328856.0
India,2021-07-01,297923.0
India,2021-07-08,278323.0
India,2021-07-15,269840.0
India,2021-07-22,270394.0
India,2021-07-29,284000.0
India,2021-08-05,265592.0
India,2021-08-12,244552.0
India,2021-08-19,236272.0
India,2021-08-26,299407.0
India,2021-09-02,282044.0
India,2021-09-09,207344.0
India,2021-09-16,216096.0
India,2021-09-23,176559.0
India,2021-09-30,154332.0
India,2021-10-07,126418.0
India,2021-10-14,106720.0
India,2021-10-21,104359.0
India,2021-10-28,89216.0
India,2021-11-04,80645.0
India,2021-11-11,76847.0
India,2021-11-18,66365.0
India,2021-11-25,61659.0
India,2021-12-02,59700.0
India,2021-12-09,52361.0
India,2021-12-16,47374.0
India,2021-12-23,56064.0
India,2021-12-30,287246.0
India,2022-01-06,1208641.0
India,2022-01-13,1900846.0
India,2022-01-20,2152727.0
India,2022-01-27,1431818.0
India,2022-02-03,674742.0
India,2022-02-10,276255.0
India,2022-02-17,126864.0
India,2022-02-24,63981.0
India,2022-03-03,34907.0
India,2022-03-10,21410.0
India,2022-03-17,13210.0
India,2022-03-24,9753.0
India,2022-03-31,7518.0
India,2022-04-07,7065.0
India,2022-04-14,949.0
Iran,2020-02-19,95.0
Iran,2020-02-26,2241.0
Iran,2020-03-04,5706.0
Iran,2020-03-11,8127.0
Iran,2020-03-18,8642.0
Iran,2020-03-25,19794.0
Iran,2020-04-01,17984.0
Iran,2020-04-08,12288.0
Iran,2020-04-15,9925.0
Iran,2020-04-22,7782.0
Iran,2020-04-29,7386.0
Iran,2020-05-06,10797.0
Iran,2020-05-13,13836.0
Iran,2020-05-20,14908.0
Iran,2020-05-27,18051.0
Iran,2020-06-03,18365.0
Iran,2020-06-10,16512.0
Iran,2020-06-17,17531.0
Iran,2020-06-24,17692.0
Iran,2020-07-01,18026.0
Iran,2020-07-08,16485.0
Iran,2020-07-15,16654.0
Iran,2020-07-22,17446.0
Iran,2020-07-29,18513.0
Iran,2020-08-05,16403.0
Iran,2020-08-12,16646.0
Iran,2020-08-19,15528.0
Iran,2020-08-26,13531.0
Iran,2020-09-02,14218.0
Iran,2020-09-09,16241.0
Iran,2020-09-16,21840.0
Iran,2020-09-23,24444.0
Iran,2020-09-30,26188.0
Iran,2020-10-07,28564.0
Iran,2020-10-14,31281.0
Iran,2020-10-21,42154.0
Iran,2020-10-28,55888.0
Iran,2020-11-04,65576.0
Iran,2020-11-11,85185.0
Iran,2020-11-18,92069.0
Iran,2020-11-25,95409.0
Iran,2020-12-02,86446.0
Iran,2020-12-09,61077.0
Iran,2020-12-16,47269.0
Iran,2020-12-23,41738.0
Iran,2020-12-30,43139.0
Iran,2021-01-06,43402.0
Iran,2021-01-13,43112.0
Iran,2021-01-20,43572.0
Iran,2021-01-27,45710.0
Iran,2021-02-03,49980.0
Iran,2021-02-10,52638.0
Iran,2021-02-17,56571.0
Iran,2021-02-24,57569.0
Iran,2021-03-03,58385.0
Iran,2021-03-10,56754.0
Iran,2021-03-17,52399.0
Iran,2021-03-24,59522.0
Iran,2021-03-31,88160.0
Iran,2021-04-07,154818.0
Iran,2021-04-14,168715.0
Iran,2021-04-21,151266.0
Iran,2021-04-28,137544.0
Iran,2021-05-05,115615.0
Iran,2021-05-12,88063.0
Iran,2021-05-19,75981.0
Iran,2021-05-26,68427.0
Iran,2021-06-02,56293.0
Iran,2021-06-09,69532.0
Iran,2021-06-16,67688.0
Iran,2021-06-23,75473.0
Iran,2021-06-30,94114.0
Iran,2021-07-07,130106.0
Iran,2021-07-14,159119.0
Iran,2021-07-21,182049.0
Iran,2021-07-28,221530.0
Iran,2021-08-04,258949.0
Iran,2021-08-11,278567.0
Iran,2021-08-18,239151.0
Iran,2021-08-25,235669.0
Iran,2021-09-01,192061.0
Iran,2021-09-08,156532.0
Iran,2021-09-15,119140.0
Iran,2021-09-22,99895.0
Iran,2021-09-29,92270.0
Iran,2021-10-06,77824.0
Iran,2021-10-13,80182.0
Iran,2021-10-20,67489.0
Iran,2021-10-27,67143.0
Iran,2021-11-03,59861.0
Iran,2021-11-10,47182.0
Iran,2021-11-17,36367.0
Iran,2021-11-24,29436.0
Iran,2021-12-01,23890.0
Iran,2021-12-08,18968.0
Iran,2021-12-15,15479.0
Iran,2021-12-22,13075.0
Iran,2021-12-29,11439.0
Iran,2022-01-05,10002.0
Iran,2022-01-12,17551.0
Iran,2022-01-19,39710.0
Iran,2022-01-26,140685.0
Iran,2022-02-02,249598.0
Iran,2022-02-09,202413.0
Iran,2022-02-16,123380.0
Iran,2022-02-23,77106.0
Iran,2022-03-02,41418.0
Iran,2022-03-09,27970.0
Iran,2022-03-16,13280.0
Iran,2022-03-23,13337.0
Iran,2022-03-30,19034.0
Iran,2022-04-06,21725.0
Iran,2022-04-13,4550.0
Italy,2020-01-31,2.0
Italy,2020-02-07,1.0
Italy,2020-02-14,0.0
Italy,2020-02-21,652.0
Italy,2020-02-28,3203.0
Italy,2020-03-06,11255.0
Italy,2020-03-13,25922.0
Italy,2020-03-20,39554.0
Italy,2020-03-27,34653.0
Italy,2020-04-03,28384.0
Italy,2020-04-10,25315.0
Italy,2020-04-17,21032.0
Italy,2020-04-24,15490.0
Italy,2020-05-01,10395.0
Italy,2020-05-08,7238.0
Italy,2020-05-15,4910.0
Italy,2020-05-22,3726.0
Italy,2020-05-29,2281.0
Italy,2020-06-05,2129.0
Italy,2020-06-12,2017.0
Italy,2020-06-19,1695.0
Italy,2020-06-26,1255.0
Italy,2020-07-03,1402.0
Italy,2020-07-10,1373.0
Italy,2020-07-17,1602.0
Italy,2020-07-24,1820.0
Italy,2020-07-31,2046.0
Italy,2020-08-07,3031.0
Italy,2020-08-14,3883.0
Italy,2020-08-21,7831.0
Italy,2020-08-28,8963.0
Italy,2020-09-04,10268.0
Italy,2020-09-11,9845.0
Italy,2020-09-18,11298.0
Italy,2020-09-25,13086.0
Italy,2020-10-02,20989.0
Italy,2020-10-09,43204.0
Italy,2020-10-16,84124.0
Italy,2020-10-23,150869.0
Italy,2020-10-30,208284.0
Italy,2020-11-06,241522.0
Italy,2020-11-13,242127.0
Italy,2020-11-20,201347.0
Italy,2020-11-27,154954.0
Italy,2020-12-04,122318.0
Italy,2020-12-11,119230.0
Italy,2020-12-18,102940.0
Italy,2020-12-25,97849.0
Italy,2021-01-01,113195.0
Italy,2021-01-08,115918.0
Italy,2021-01-15,91942.0
Italy,2021-01-22,87286.0
Italy,2021-01-29,81939.0
Italy,2021-02-05,85957.0
Italy,2021-02-12,82009.0
Italy,2021-02-19,103023.0
Italy,2021-02-26,130684.0
Italy,2021-03-05,149898.0
Italy,2021-03-12,157694.0
Italy,2021-03-19,157832.0
Italy,2021-03-26,142540.0
Italy,2021-04-02,110519.0
Italy,2021-04-09,108554.0
Italy,2021-04-16,94789.0
Italy,2021-04-23,88263.0
Italy,2021-04-30,72990.0
Italy,2021-05-07,56962.0
Italy,2021-05-14,39101.0
Italy,2021-05-21,27709.0
Italy,2021-05-28,19193.0
Italy,2021-06-04,14705.0
Italy,2021-06-11,9887.0
Italy,2021-06-18,5945.0
Italy,2021-06-25,5088.0
Italy,2021-07-02,6317.0
Italy,2021-07-09,11214.0
Italy,2021-07-16,24074.0
Italy,2021-07-23,34513.0
Italy,2021-07-30,40282.0
Italy,2021-08-06,43241.0
Italy,2021-08-13,43576.0
Italy,2021-08-20,45606.0
Italy,2021-08-27,43630.0
Italy,2021-09-03,37700.0
Italy,2021-09-10,32214.0
Italy,2021-09-17,26751.0
Italy,2021-09-24,22449.0
Italy,2021-10-01,19919.0
Italy,2021-10-08,17479.0
Italy,2021-10-15,19925.0
Italy,2021-10-22,27553.0
Italy,2021-10-29,31473.0
Italy,2021-11-05,46731.0
Italy,2021-11-12,58452.0
Italy,2021-11-19,74454.0
Italy,2021-11-26,92089.0
Italy,2021-12-03,104350.0
Italy,2021-12-10,143400.0
Italy,2021-12-17,208874.0
Italy,2021-12-24,464374.0
Italy,2021-12-31,994037.0
Italy,2022-01-07,1180180.0
Italy,2022-01-14,1262611.0
Italy,2022-01-21,1121345.0
Italy,2022-01-28,809100.0
Italy,2022-02-04,574930.0
Italy,2022-02-11,399767.0
Italy,2022-02-18,327853.0
Italy,2022-02-25,259255.0
Italy,2022-03-04,303992.0
Italy,2022-03-11,431336.0
Italy,2022-03-18,507264.0
Italy,2022-03-25,489256.0
Italy,2022-04-01,463712.0
Italy,2022-04-08,426946.0
Italy,2022-04-15,0.0
Mexico,2020-01-01,0.0
Mexico,2020-01-08,0.0
Mexico,2020-01-15,0.0
Mexico,2020-01-22,0.0
Mexico,2020-01-29,0.0
Mexico,2020-02-05,0.0
Mexico,2020-02-12,0.0
Mexico,2020-02-19,0.0
Mexico,2020-02-26,5.0
Mexico,2020-03-04,2.0
Mexico,2020-03-11,86.0
Mexico,2020-03-18,312.0
Mexico,2020-03-25,810.0
Mexico,2020-04-01,1570.0
Mexico,2020-04-08,2614.0
Mexico,2020-04-15,4102.0
Mexico,2020-04-22,7251.0
Mexico,2020-04-29,9273.0
Mexico,2020-05-06,12299.0
Mexico,2020-05-13,16022.0
Mexico,2020-05-20,20214.0
Mexico,2020-05-27,22766.0
Mexico,2020-06-03,26975.0
Mexico,2020-06-10,30562.0
Mexico,2020-06-17,36547.0
Mexico,2020-06-24,34679.0
Mexico,2020-07-01,41919.0
Mexico,2020-07-08,43478.0
Mexico,2020-07-15,44769.0
Mexico,2020-07-22,46442.0
Mexico,2020-07-29,47264.0
Mexico,2020-08-05,42561.0
Mexico,2020-08-12,38717.0
Mexico,2020-08-19,37382.0
Mexico,2020-08-26,37415.0
Mexico,2020-09-02,36824.0
Mexico,2020-09-09,33627.0
Mexico,2020-09-16,28776.0
Mexico,2020-09-23,32900.0
Mexico,2020-09-30,56445.0
Mexico,2020-10-07,30732.0
Mexico,2020-10-14,35374.0
Mexico,2020-10-21,40554.0
Mexico,2020-10-28,37137.0
Mexico,2020-11-04,40126.0
Mexico,2020-11-11,32622.0
Mexico,2020-11-18,48999.0
Mexico,2020-11-25,62210.0
Mexico,2020-12-02,70893.0
Mexico,2020-12-09,73947.0
Mexico,2020-12-16,71224.0
Mexico,2020-12-23,63103.0
Mexico,2020-12-30,64961.0
Mexico,2021-01-06,89538.0
Mexico,2021-01-13,112368.0
Mexico,2021-01-20,120509.0
Mexico,2021-01-27,85187.0
Mexico,2021-02-03,72659.0
Mexico,2021-02-10,57824.0
Mexico,2021-02-17,47691.0
Mexico,2021-02-24,44928.0
Mexico,2021-03-03,40690.0
Mexico,2021-03-10,31123.0
Mexico,2021-03-17,34034.0
Mexico,2021-03-24,29869.0
Mexico,2021-03-31,23599.0
Mexico,2021-04-07,29843.0
Mexico,2021-04-14,24820.0
Mexico,2021-04-21,21954.0
Mexico,2021-04-28,19838.0
Mexico,2021-05-05,15429.0
Mexico,2021-05-12,17119.0
Mexico,2021-05-19,14278.0
Mexico,2021-05-26,20869.0
Mexico,2021-06-02,17352.0
Mexico,2021-06-09,21590.0
Mexico,2021-06-16,23183.0
Mexico,2021-06-23,30380.0
Mexico,2021-06-30,36698.0
Mexico,2021-07-07,54849.0
Mexico,2021-07-14,73586.0
Mexico,2021-07-21,93549.0
Mexico,2021-07-28,108563.0
Mexico,2021-08-04,117476.0
Mexico,2021-08-11,125367.0
Mexico,2021-08-18,126626.0
Mexico,2021-08-25,102532.0
Mexico,2021-09-01,96885.0
Mexico,2021-09-08,79677.0
Mexico,2021-09-15,56593.0
Mexico,2021-09-22,60034.0
Mexico,2021-09-29,38643.0
Mexico,2021-10-06,48187.0
Mexico,2021-10-13,30260.0
Mexico,2021-10-20,21759.0
Mexico,2021-10-27,23757.0
Mexico,2021-11-03,23054.0
Mexico,2021-11-10,15249.0
Mexico,2021-11-17,17770.0
Mexico,2021-11-24,20288.0
Mexico,2021-12-01,17449.0
Mexico,2021-12-08,16972.0
Mexico,2021-12-15,15115.0
Mexico,2021-12-22,17844.0
Mexico,2021-12-29,56702.0
Mexico,2022-01-05,161418.0
Mexico,2022-01-12,215349.0
Mexico,2022-01-19,345254.0
Mexico,2022-01-26,255020.0
Mexico,2022-02-02,181421.0
Mexico,2022-02-09,133427.0
Mexico,2022-02-16,117720.0
Mexico,2022-02-23,103487.0
Mexico,2022-03-02,53864.0
Mexico,2022-03-09,32237.0
Mexico,2022-03-16,28209.0
Mexico,2022-03-23,18257.0
Mexico,2022-03-30,16833.0
Mexico,2022-04-06,52718.0
Mexico,2022-04-13,1213.0
Poland,2020-03-04,22.0
Poland,2020-03-11,216.0
Poland,2020-03-18,663.0
Poland,2020-03-25,1410.0
Poland,2020-04-01,2537.0
Poland,2020-04-08,2354.0
Poland,2020-04-15,2654.0
Poland,2020-04-22,2362.0
Poland,2020-04-29,2213.0
Poland,2020-05-06,2490.0
Poland,2020-05-13,2347.0
Poland,2020-05-20,2806.0
Poland,2020-05-27,2321.0
Poland,2020-06-03,3165.0
Poland,2020-06-10,2635.0
Poland,2020-06-17,2332.0
Poland,2020-06-24,1866.0
Poland,2020-07-01,2019.0
Poland,2020-07-08,2045.0
Poland,2020-07-15,2325.0
Poland,2020-07-22,3122.0
Poland,2020-07-29,4245.0
Poland,2020-08-05,4812.0
Poland,2020-08-12,4915.0
Poland,2020-08-19,5197.0
Poland,2020-08-26,4849.0
Poland,2020-09-02,3604.0
Poland,2020-09-09,3608.0
Poland,2020-09-16,5565.0
Poland,2020-09-23,9263.0
Poland,2020-09-30,14354.0
Poland,2020-10-07,30962.0
Poland,2020-10-14,57261.0
Poland,2020-10-21,87690.0
Poland,2020-10-28,134615.0
Poland,2020-11-04,178748.0
Poland,2020-11-11,159348.0
Poland,2020-11-18,156126.0
Poland,2020-11-25,90858.0
Poland,2020-12-02,76256.0
Poland,2020-12-09,71266.0
Poland,2020-12-16,67079.0
Poland,2020-12-23,54109.0
Poland,2020-12-30,61909.0
Poland,2021-01-06,65236.0
Poland,2021-01-13,48025.0
Poland,2021-01-20,38918.0
Poland,2021-01-27,37493.0
Poland,2021-02-03,36470.0
Poland,2021-02-10,39988.0
Poland,2021-02-17,52289.0
Poland,2021-02-24,70746.0
Poland,2021-03-03,91328.0
Poland,2021-03-10,120885.0
Poland,2021-03-17,157948.0
Poland,2021-03-24,198957.0
Poland,2021-03-31,167883.0
Poland,2021-04-07,143141.0
Poland,2021-04-14,104721.0
Poland,2021-04-21,63463.0
Poland,2021-04-28,40018.0
Poland,2021-05-05,30128.0
Poland,2021-05-12,18744.0
Poland,2021-05-19,10263.0
Poland,2021-05-26,5681.0
Poland,2021-06-02,2861.0
Poland,2021-06-09,2090.0
Poland,2021-06-16,1211.0
Poland,2021-06-23,781.0
Poland,2021-06-30,592.0
Poland,2021-07-07,556.0
Poland,2021-07-14,635.0
Poland,2021-07-21,733.0
Poland,2021-07-28,957.0
Poland,2021-08-04,1077.0
Poland,2021-08-11,1315.0
Poland,2021-08-18,1361.0
Poland,2021-08-25,1633.0
Poland,2021-09-01,2401.0
Poland,2021-09-08,3384.0
Poland,2021-09-15,4553.0
Poland,2021-09-22,5623.0
Poland,2021-09-29,8245.0
Poland,2021-10-06,12549.0
Poland,2021-10-13,19631.0
Poland,2021-10-20,37087.0
Poland,2021-10-27,52525.0
Poland,2021-11-03,90511.0
Poland,2021-11-10,105455.0
Poland,2021-11-17,147064.0
Poland,2021-11-24,162363.0
Poland,2021-12-01,163979.0
Poland,2021-12-08,153045.0
Poland,2021-12-15,125172.0
Poland,2021-12-22,82458.0
Poland,2021-12-29,80803.0
Poland,2022-01-05,86868.0
Poland,2022-01-12,110744.0
Poland,2022-01-19,241230.0
Poland,2022-01-26,340910.0
Poland,2022-02-02,298237.0
Poland,2022-02-09,213836.0
Poland,2022-02-16,144874.0
Poland,2022-02-23,97817.0
Poland,2022-03-02,80464.0
Poland,2022-03-09,76174.0
Poland,2022-03-16,68791.0
Poland,2022-03-23,46737.0
Poland,2022-03-30,19798.0
Poland,2022-04-06,8222.0
Poland,2022-04-13,2444.0
Singapore,2020-01-23,7.0
Singapore,2020-01-30,21.0
Singapore,2020-02-06,22.0
Singapore,2020-02-13,34.0
Singapore,2020-02-20,9.0
Singapore,2020-02-27,17.0
Singapore,2020-03-05,68.0
Singapore,2020-03-12,135.0
Singapore,2020-03-19,318.0
Singapore,2020-03-26,369.0
Singapore,2020-04-02,623.0
Singapore,2020-04-09,2076.0
Singapore,2020-04-16,6442.0
Singapore,2020-04-23,5500.0
Singapore,2020-04-30,4557.0
Singapore,2020-05-07,5148.0
Singapore,2020-05-14,4018.0
Singapore,2020-05-21,3512.0
Singapore,2020-05-28,3529.0
Singapore,2020-06-04,2560.0
Singapore,2020-06-11,2251.0
Singapore,2020-06-18,1407.0
Singapore,2020-06-25,1499.0
Singapore,2020-07-02,1176.0
Singapore,2020-07-09,1580.0
Singapore,2020-07-16,1866.0
Singapore,2020-07-23,2787.0
Singapore,2020-07-30,2723.0
Singapore,2020-08-06,1141.0
Singapore,2020-08-13,636.0
Singapore,2020-08-20,464.0
Singapore,2020-08-27,365.0
Singapore,2020-09-03,306.0
Singapore,2020-09-10,348.0
Singapore,2020-09-17,125.0
Singapore,2020-09-24,126.0
Singapore,2020-10-01,75.0
Singapore,2020-10-08,49.0
Singapore,2020-10-15,44.0
Singapore,2020-10-22,54.0
Singapore,2020-10-29,49.0
Singapore,2020-11-05,55.0
Singapore,2020-11-12,44.0
Singapore,2020-11-19,55.0
Singapore,2020-11-26,40.0
Singapore,2020-12-03,61.0
Singapore,2020-12-10,62.0
Singapore,2020-12-17,129.0
Singapore,2020-12-24,87.0
Singapore,2020-12-31,211.0
Singapore,2021-01-07,204.0
Singapore,2021-01-14,213.0
Singapore,2021-01-21,194.0
Singapore,2021-01-28,211.0
Singapore,2021-02-04,145.0
Singapore,2021-02-11,74.0
Singapore,2021-02-18,69.0
Singapore,2021-02-25,89.0
Singapore,2021-03-04,83.0
Singapore,2021-03-11,75.0
Singapore,2021-03-18,99.0
Singapore,2021-03-25,145.0
Singapore,2021-04-01,173.0
Singapore,2021-04-08,165.0
Singapore,2021-04-15,161.0
Singapore,2021-04-22,206.0
Singapore,2021-04-29,182.0
Singapore,2021-05-06,151.0
Singapore,2021-05-13,270.0
Singapore,2021-05-20,227.0
Singapore,2021-05-27,184.0
Singapore,2021-06-03,123.0
Singapore,2021-06-10,116.0
Singapore,2021-06-17,131.0
Singapore,2021-06-24,109.0
Singapore,2021-07-01,73.0
Singapore,2021-07-08,152.0
Singapore,2021-07-15,817.0
Singapore,2021-07-22,968.0
Singapore,2021-07-29,821.0
Singapore,2021-08-05,543.0
Singapore,2021-08-12,381.0
Singapore,2021-08-19,478.0
Singapore,2021-08-26,988.0
Singapore,2021-09-02,1782.0
Singapore,2021-09-09,4356.0
Singapore,2021-09-16,7418.0
Singapore,2021-09-23,12687.0
Singapore,2021-09-30,19338.0
Singapore,2021-10-07,22014.0
Singapore,2021-10-14,23192.0
Singapore,2021-10-21,25832.0
Singapore,2021-10-28,23556.0
Singapore,2021-11-04,19706.0
Singapore,2021-11-11,17134.0
Singapore,2021-11-18,12695.0
Singapore,2021-11-25,8539.0
Singapore,2021-12-02,5248.0
Singapore,2021-12-09,3320.0
Singapore,2021-12-16,2103.0
Singapore,2021-12-23,2030.0
Singapore,2021-12-30,3651.0
Singapore,2022-01-06,5724.0
Singapore,2022-01-13,7952.0
Singapore,2022-01-20,31525.0
Singapore,2022-01-27,34574.0
Singapore,2022-02-03,66778.0
Singapore,2022-02-10,85926.0
Singapore,2022-02-17,127725.0
Singapore,2022-02-24,125058.0
Singapore,2022-03-03,117930.0
Singapore,2022-03-10,90014.0
Singapore,2022-03-17,69054.0
Singapore,2022-03-24,46162.0
Singapore,2022-03-31,33063.0
Singapore,2022-04-07,24770.0
Singapore,2022-04-14,3521.0
Spain,2020-02-01,1.0
Spain,2020-02-08,1.0
Spain,2020-02-15,0.0
Spain,2020-02-22,30.0
Spain,2020-02-29,368.0
Spain,2020-03-07,4832.0
Spain,2020-03-14,15178.0
Spain,2020-03-21,45309.0
Spain,2020-03-28,53480.0
Spain,2020-04-04,39074.0
Spain,2020-04-11,32566.0
Spain,2020-04-18,22185.0
Spain,2020-04-25,12226.0
Spain,2020-05-02,7641.0
Spain,2020-05-09,7326.0
Spain,2020-05-16,4641.0
Spain,2020-05-23,4112.0
Spain,2020-05-30,2414.0
Spain,2020-06-06,2231.0
Spain,2020-06-13,2366.0
Spain,2020-06-20,2330.0
Spain,2020-06-27,2640.0
Spain,2020-07-04,3363.0
Spain,2020-07-11,6347.0
Spain,2020-07-18,12166.0
Spain,2020-07-25,16101.0
Spain,2020-08-01,25840.0
Spain,2020-08-08,28451.0
Spain,2020-08-15,43241.0
Spain,2020-08-22,53232.0
Spain,2020-08-29,59703.0
Spain,2020-09-05,67337.0
Spain,2020-09-12,73714.0
Spain,2020-09-19,76441.0
Spain,2020-09-26,73451.0
Spain,2020-10-03,71180.0
Spain,2020-10-10,75448.0
Spain,2020-10-17,109572.0
Spain,2020-10-24,139546.0
Spain,2020-10-31,143154.0
Spain,2020-11-07,129759.0
Spain,2020-11-14,98139.0
Spain,2020-11-21,71478.0
Spain,2020-11-28,56439.0
Spain,2020-12-05,45928.0
Spain,2020-12-12,66661.0
Spain,2020-12-19,57715.0
Spain,2020-12-26,73314.0
Spain,2021-01-02,122095.0
Spain,2021-01-09,201804.0
Spain,2021-01-16,247396.0
Spain,2021-01-23,243559.0
Spain,2021-01-30,198871.0
Spain,2021-02-06,114045.0
Spain,2021-02-13,77087.0
Spain,2021-02-20,55431.0
Spain,2021-02-27,34806.0
Spain,2021-03-06,34692.0
Spain,2021-03-13,28628.0
Spain,2021-03-20,42992.0
Spain,2021-03-27,36070.0
Spain,2021-04-03,56118.0
Spain,2021-04-10,59771.0
Spain,2021-04-17,61334.0
Spain,2021-04-24,55460.0
Spain,2021-05-01,43331.0
Spain,2021-05-08,37391.0
Spain,2021-05-15,31654.0
Spain,2021-05-22,32205.0
Spain,2021-05-29,29323.0
Spain,2021-06-05,35619.0
Spain,2021-06-12,23842.0
Spain,2021-06-19,25021.0
Spain,2021-06-26,51405.0
Spain,2021-07-03,103324.0
Spain,2021-07-10,163030.0
Spain,2021-07-17,180207.0
Spain,2021-07-24,166615.0
Spain,2021-07-31,141088.0
Spain,2021-08-07,105408.0
Spain,2021-08-14,76913.0
Spain,2021-08-21,61356.0
Spain,2021-08-28,45946.0
Spain,2021-09-04,29706.0
Spain,2021-09-11,22085.0
Spain,2021-09-18,17055.0
Spain,2021-09-25,14527.0
Spain,2021-10-02,12491.0
Spain,2021-10-09,10767.0
Spain,2021-10-16,13346.0
Spain,2021-10-23,13416.0
Spain,2021-10-30,14491.0
Spain,2021-11-06,21517.0
Spain,2021-11-13,33507.0
Spain,2021-11-20,50349.0
Spain,2021-11-27,71946.0
Spain,2021-12-04,87315.0
Spain,2021-12-11,165337.0
Spain,2021-12-18,262480.0
Spain,2021-12-25,576738.0
Spain,2022-01-01,870161.0
Spain,2022-01-08,928130.0
Spain,2022-01-15,882422.0
Spain,2022-01-22,803672.0
Spain,2022-01-29,420586.0
Spain,2022-02-05,404484.0
Spain,2022-02-12,205022.0
Spain,2022-02-19,168302.0
Spain,2022-02-26,122904.0
Spain,2022-03-05,123546.0
Spain,2022-03-12,100663.0
Spain,2022-03-19,127039.0
Spain,2022-03-26,99898.0
Spain,2022-04-02,75913.0
Spain,2022-04-09,0.0
Turkey,2020-03-11,47.0
Turkey,2020-03-18,1825.0
Turkey,2020-03-25,11659.0
Turkey,2020-04-01,20578.0
Turkey,2020-04-08,31002.0
Turkey,2020-04-15,30480.0
Turkey,2020-04-22,19062.0
Turkey,2020-04-29,14838.0
Turkey,2020-05-06,11984.0
Turkey,2020-05-13,10140.0
Turkey,2020-05-20,7147.0
Turkey,2020-05-27,6793.0
Turkey,2020-06-03,6559.0
Turkey,2020-06-10,9184.0
Turkey,2020-06-17,8867.0
Turkey,2020-06-24,9741.0
Turkey,2020-07-01,7991.0
Turkey,2020-07-08,7096.0
Turkey,2020-07-15,6507.0
Turkey,2020-07-22,6482.0
Turkey,2020-07-29,6952.0
Turkey,2020-08-05,8246.0
Turkey,2020-08-12,8625.0
Turkey,2020-08-19,9389.0
Turkey,2020-08-26,10511.0
Turkey,2020-09-02,11565.0
Turkey,2020-09-09,11350.0
Turkey,2020-09-16,11682.0
Turkey,2020-09-23,10970.0
Turkey,2020-09-30,10285.0
Turkey,2020-10-07,11222.0
Turkey,2020-10-14,12634.0
Turkey,2020-10-21,14795.0
Turkey,2020-10-28,15910.0
Turkey,2020-11-04,17242.0
Turkey,2020-11-11,22053.0
Turkey,2020-11-18,39503.0
Turkey,2020-11-25,208041.0
Turkey,2020-12-02,224673.0
Turkey,2020-12-09,181592.0
Turkey,2020-12-16,164513.0
Turkey,2020-12-23,115620.0
Turkey,2020-12-30,91521.0
Turkey,2021-01-06,76184.0
Turkey,2021-01-13,53496.0
Turkey,2021-01-20,42569.0
Turkey,2021-01-27,50627.0
Turkey,2021-02-03,55218.0
Turkey,2021-02-10,53839.0
Turkey,2021-02-17,53599.0
Turkey,2021-02-24,67683.0
Turkey,2021-03-03,84071.0
Turkey,2021-03-10,104255.0
Turkey,2021-03-17,149878.0
Turkey,2021-03-24,216360.0
Turkey,2021-03-31,301305.0
Turkey,2021-04-07,383575.0
Turkey,2021-04-14,421864.0
Turkey,2021-04-21,325958.0
Turkey,2021-04-28,218536.0
Turkey,2021-05-05,130315.0
Turkey,2021-05-12,80052.0
Turkey,2021-05-19,63900.0
Turkey,2021-05-26,53131.0
Turkey,2021-06-02,43720.0
Turkey,2021-06-09,41792.0
Turkey,2021-06-16,39708.0
Turkey,2021-06-23,38420.0
Turkey,2021-06-30,34607.0
Turkey,2021-07-07,38481.0
Turkey,2021-07-14,52922.0
Turkey,2021-07-21,92012.0
Turkey,2021-07-28,157487.0
Turkey,2021-08-04,173203.0
Turkey,2021-08-11,149640.0
Turkey,2021-08-18,135203.0
Turkey,2021-08-25,134620.0
Turkey,2021-09-01,154323.0
Turkey,2021-09-08,168012.0
Turkey,2021-09-15,193619.0
Turkey,2021-09-22,191295.0
Turkey,2021-09-29,201299.0
Turkey,2021-10-06,212096.0
Turkey,2021-10-13,205404.0
Turkey,2021-10-20,194732.0
Turkey,2021-10-27,182351.0
Turkey,2021-11-03,196703.0
Turkey,2021-11-10,168954.0
Turkey,2021-11-17,167461.0
Turkey,2021-11-24,171008.0
Turkey,2021-12-01,148249.0
Turkey,2021-12-08,136615.0
Turkey,2021-12-15,129288.0
Turkey,2021-12-22,155659.0
Turkey,2021-12-29,286995.0
Turkey,2022-01-05,465560.0
Turkey,2022-01-12,473803.0
Turkey,2022-01-19,498736.0
Turkey,2022-01-26,631990.0
Turkey,2022-02-02,723628.0
Turkey,2022-02-09,633572.0
Turkey,2022-02-16,595898.0
Turkey,2022-02-23,473760.0
Turkey,2022-03-02,276297.0
Turkey,2022-03-09,175045.0
Turkey,2022-03-16,125593.0
Turkey,2022-03-23,104955.0
Turkey,2022-03-30,88360.0
Turkey,2022-04-06,52911.0
Turkey,2022-04-13,10656.0
United Kingdom,2020-01-31,9.0
United Kingdom,2020-02-07,8.0
United Kingdom,2020-02-14,5.0
United Kingdom,2020-02-21,22.0
United Kingdom,2020-02-28,250.0
United Kingdom,2020-03-06,1493.0
United Kingdom,2020-03-13,4719.0
United Kingdom,2020-03-20,14364.0
United Kingdom,2020-03-27,27562.0
United Kingdom,2020-04-03,33415.0
United Kingdom,2020-04-10,30350.0
United Kingdom,2020-04-17,33838.0
United Kingdom,2020-04-24,32039.0
United Kingdom,2020-05-01,25592.0
United Kingdom,2020-05-08,20403.0
United Kingdom,2020-05-15,17277.0
United Kingdom,2020-05-22,11682.0
United Kingdom,2020-05-29,9150.0
United Kingdom,2020-06-05,7040.0
United Kingdom,2020-06-12,6870.0
United Kingdom,2020-06-19,5515.0
United Kingdom,2020-06-26,2739.0
United Kingdom,2020-07-03,3852.0
United Kingdom,2020-07-10,4935.0
United Kingdom,2020-07-17,4596.0
United Kingdom,2020-07-24,5159.0
United Kingdom,2020-07-31,5837.0
United Kingdom,2020-08-07,6799.0
United Kingdom,2020-08-14,7364.0
United Kingdom,2020-08-21,8097.0
United Kingdom,2020-08-28,10051.0
United Kingdom,2020-09-04,17736.0
United Kingdom,2020-09-11,23487.0
United Kingdom,2020-09-18,34762.0
United Kingdom,2020-09-25,43829.0
United Kingdom,2020-10-02,101664.0
United Kingdom,2020-10-09,111855.0
United Kingdom,2020-10-16,136877.0
United Kingdom,2020-10-23,154925.0
United Kingdom,2020-10-30,157909.0
United Kingdom,2020-11-06,167089.0
United Kingdom,2020-11-13,163146.0
United Kingdom,2020-11-20,121376.0
United Kingdom,2020-11-27,99782.0
United Kingdom,2020-12-04,114066.0
United Kingdom,2020-12-11,161323.0
United Kingdom,2020-12-18,240527.0
United Kingdom,2020-12-25,300405.0
United Kingdom,2021-01-01,400811.0
United Kingdom,2021-01-08,370970.0
United Kingdom,2021-01-15,283462.0
United Kingdom,2021-01-22,200222.0
United Kingdom,2021-01-29,149014.0
United Kingdom,2021-02-05,106332.0
United Kingdom,2021-02-12,84651.0
United Kingdom,2021-02-19,71339.0
United Kingdom,2021-02-26,46804.0
United Kingdom,2021-03-05,40323.0
United Kingdom,2021-03-12,39207.0
United Kingdom,2021-03-19,38247.0
United Kingdom,2021-03-26,31141.0
United Kingdom,2021-04-02,20057.0
United Kingdom,2021-04-09,15518.0
United Kingdom,2021-04-16,17456.0
United Kingdom,2021-04-23,15812.0
United Kingdom,2021-04-30,14311.0
United Kingdom,2021-05-07,16080.0
United Kingdom,2021-05-14,12955.0
United Kingdom,2021-05-21,18462.0
United Kingdom,2021-05-28,26202.0
United Kingdom,2021-06-04,43126.0
United Kingdom,2021-06-11,57674.0
United Kingdom,2021-06-18,83997.0
United Kingdom,2021-06-25,144107.0
United Kingdom,2021-07-02,194970.0
United Kingdom,2021-07-09,259382.0
United Kingdom,2021-07-16,323131.0
United Kingdom,2021-07-23,200267.0
United Kingdom,2021-07-30,181504.0
United Kingdom,2021-08-06,197180.0
United Kingdom,2021-08-13,212993.0
United Kingdom,2021-08-20,236838.0
United Kingdom,2021-08-27,234440.0
United Kingdom,2021-09-03,269468.0
United Kingdom,2021-09-10,207184.0
United Kingdom,2021-09-17,227058.0
United Kingdom,2021-09-24,241379.0
United Kingdom,2021-10-01,239536.0
United Kingdom,2021-10-08,271348.0
United Kingdom,2021-10-15,324162.0
United Kingdom,2021-10-22,295386.0
United Kingdom,2021-10-29,272629.0
United Kingdom,2021-11-05,240940.0
United Kingdom,2021-11-12,274663.0
United Kingdom,2021-11-19,301013.0
United Kingdom,2021-11-26,309157.0
United Kingdom,2021-12-03,333422.0
United Kingdom,2021-12-10,438173.0
United Kingdom,2021-12-17,673724.0
United Kingdom,2021-12-24,981254.0
United Kingdom,2021-12-31,1271811.0
United Kingdom,2022-01-07,957083.0
United Kingdom,2022-01-14,647947.0
United Kingdom,2022-01-21,634694.0
United Kingdom,2022-01-28,517602.0
United Kingdom,2022-02-04,556983.0
United Kingdom,2022-02-11,339145.0
United Kingdom,2022-02-18,276092.0
United Kingdom,2022-02-25,304202.0
United Kingdom,2022-03-04,386428.0
United Kingdom,2022-03-11,548120.0
United Kingdom,2022-03-18,617257.0
United Kingdom,2022-03-25,536944.0
United Kingdom,2022-04-01,362326.0
United Kingdom,2022-04-08,241487.0
United States,2020-01-22,4.0
United States,2020-01-29,6.0
United States,2020-02-05,2.0
United States,2020-02-12,1.0
United States,2020-02-19,2.0
United States,2020-02-26,58.0
United States,2020-03-04,708.0
United States,2020-03-11,5730.0
United States,2020-03-18,50202.0
United States,2020-03-25,135365.0
United States,2020-04-01,218755.0
United States,2020-04-08,211659.0
United States,2020-04-15,197552.0
United States,2020-04-22,199918.0
United States,2020-04-29,189765.0
United States,2020-05-06,165063.0
United States,2020-05-13,156345.0
United States,2020-05-20,149989.0
United States,2020-05-27,145041.0
United States,2020-06-03,148844.0
United States,2020-06-10,158160.0
United States,2020-06-17,212524.0
United States,2020-06-24,299394.0
United States,2020-07-01,355640.0
United States,2020-07-08,434419.0
United States,2020-07-15,455426.0
United States,2020-07-22,455175.0
United States,2020-07-29,405981.0
United States,2020-08-05,401889.0
United States,2020-08-12,346836.0
United States,2020-08-19,292789.0
United States,2020-08-26,291637.0
United States,2020-09-02,257492.0
United States,2020-09-09,273328.0
United States,2020-09-16,291499.0
United States,2020-09-23,294238.0
United States,2020-09-30,302639.0
United States,2020-10-07,356583.0
United States,2020-10-14,428783.0
United States,2020-10-21,503128.0
United States,2020-10-28,649366.0
United States,2020-11-04,855653.0
United States,2020-11-11,1107498.0
United States,2020-11-18,1247420.0
United States,2020-11-25,1172705.0
United States,2020-12-02,1475625.0
United States,2020-12-09,1544156.0
United States,2020-12-16,1518856.0
United States,2020-12-23,1294233.0
United States,2020-12-30,1606337.0
United States,2021-01-06,1751475.0
United States,2021-01-13,1401891.0
United States,2021-01-20,1170669.0
United States,2021-01-27,992102.0
United States,2021-02-03,764981.0
United States,2021-02-10,576379.0
United States,2021-02-17,474968.0
United States,2021-02-24,459627.0
United States,2021-03-03,406122.0
United States,2021-03-10,383363.0
United States,2021-03-17,377826.0
United States,2021-03-24,469697.0
United States,2021-03-31,453137.0
United States,2021-04-07,501612.0
United States,2021-04-14,453366.0
United States,2021-04-21,378272.0
United States,2021-04-28,338964.0
United States,2021-05-05,267020.0
United States,2021-05-12,219716.0
United States,2021-05-19,170112.0
United States,2021-05-26,121476.0
United States,2021-06-02,101707.0
United States,2021-06-09,95441.0
United States,2021-06-16,80174.0
United States,2021-06-23,86834.0
United States,2021-06-30,101112.0
United States,2021-07-07,166459.0
United States,2021-07-14,264201.0
United States,2021-07-21,426150.0
United States,2021-07-28,632155.0
United States,2021-08-04,839487.0
United States,2021-08-11,990137.0
United States,2021-08-18,1060993.0
United States,2021-08-25,1141490.0
United States,2021-09-01,1057394.0
United States,2021-09-08,1079004.0
United States,2021-09-15,956253.0
United States,2021-09-22,818766.0
United States,2021-09-29,717737.0
United States,2021-10-06,630291.0
United States,2021-10-13,557144.0
United States,2021-10-20,496399.0
United States,2021-10-27,521339.0
United States,2021-11-03,524669.0
United States,2021-11-10,593369.0
United States,2021-11-17,670680.0
United States,2021-11-24,577399.0
United States,2021-12-01,847052.0
United States,2021-12-08,842039.0
United States,2021-12-15,1066410.0
United States,2021-12-22,1889572.0
United States,2021-12-29,3937889.0
United States,2022-01-05,5420763.0
United States,2022-01-12,5282098.0
United States,2022-01-19,4564459.0
United States,2022-01-26,2988459.0
United States,2022-02-02,1689760.0
United States,2022-02-09,960524.0
United States,2022-02-16,588355.0
United States,2022-02-23,437870.0
United States,2022-03-02,274455.0
United States,2022-03-09,215055.0
United States,2022-03-16,219820.0
United States,2022-03-23,214253.0
United States,2022-03-30,186572.0
United States,2022-04-06,268414.0
United States,2022-04-13,95735.0
World,2020-01-22,5023.0
World,2020-01-29,18319.0
World,2020-02-05,20915.0
World,2020-02-12,30341.0
World,2020-02-19,5257.0
World,2020-02-26,12592.0
World,2020-03-04,26104.0
World,2020-03-11,79611.0
World,2020-03-18,226215.0
World,2020-03-25,445520.0
World,2020-04-01,544047.0
World,2020-04-08,605701.0
World,2020-04-15,567081.0
World,2020-04-22,561490.0
World,2020-04-29,561409.0
World,2020-05-06,593948.0
World,2020-05-13,633964.0
World,2020-05-20,698009.0
World,2020-05-27,806296.0
World,2020-06-03,856070.0
World,2020-06-10,935286.0
World,2020-06-17,1076267.0
World,2020-06-24,1224892.0
World,2020-07-01,1375231.0
World,2020-07-08,1493613.0
World,2020-07-15,1610099.0
World,2020-07-22,1799188.0
World,2020-07-29,1788353.0
World,2020-08-05,1842180.0
World,2020-08-12,1804036.0
World,2020-08-19,1750620.0
World,2020-08-26,1865915.0
World,2020-09-02,1843112.0
World,2020-09-09,1990329.0
World,2020-09-16,2039089.0
World,2020-09-23,2040445.0
World,2020-09-30,2156731.0
World,2020-10-07,2321164.0
World,2020-10-14,2662532.0
World,2020-10-21,3179911.0
World,2020-10-28,3662207.0
World,2020-11-04,3943132.0
World,2020-11-11,4127619.0
World,2020-11-18,4163835.0
World,2020-11-25,4124594.0
World,2020-12-02,4380467.0
World,2020-12-09,4435693.0
World,2020-12-16,4561560.0
World,2020-12-23,3986237.0
World,2020-12-30,4552903.0
World,2021-01-06,5164371.0
World,2021-01-13,4585253.0
World,2021-01-20,4102490.0
World,2021-01-27,3625562.0
World,2021-02-03,3068822.0
World,2021-02-10,2645130.0
World,2021-02-17,2590612.0
World,2021-02-24,2740329.0
World,2021-03-03,2858139.0
World,2021-03-10,3079981.0
World,2021-03-17,3525326.0
World,2021-03-24,4022034.0
World,2021-03-31,4231652.0
World,2021-04-07,5009948.0
World,2021-04-14,5516370.0
World,2021-04-21,5777219.0
World,2021-04-28,5642387.0
World,2021-05-05,5339294.0
World,2021-05-12,4556749.0
World,2021-05-19,3969436.0
World,2021-05-26,3338876.0
World,2021-06-02,2806318.0
World,2021-06-09,2650567.0
World,2021-06-16,2547509.0
World,2021-06-23,2613195.0
World,2021-06-30,2807630.0
World,2021-07-07,3211566.0
World,2021-07-14,3641048.0
World,2021-07-21,3932856.0
World,2021-07-28,4230638.0
World,2021-08-04,4478550.0
World,2021-08-11,4603156.0
World,2021-08-18,4600338.0
World,2021-08-25,4520650.0
World,2021-09-01,4198956.0
World,2021-09-08,3904122.0
World,2021-09-15,3559625.0
World,2021-09-22,3294901.0
World,2021-09-29,3030930.0
World,2021-10-06,2927873.0
World,2021-10-13,2883878.0
World,2021-10-20,2988221.0
World,2021-10-27,3076822.0
World,2021-11-03,3305181.0
World,2021-11-10,3547733.0
World,2021-11-17,3951875.0
World,2021-11-24,4014784.0
World,2021-12-01,4374153.0
World,2021-12-08,4329234.0
World,2021-12-15,4825262.0
World,2021-12-22,6686142.0
World,2021-12-29,12389542.0
World,2022-01-05,18610882.0
World,2022-01-12,21047269.0
World,2022-01-19,23949312.0
World,2022-01-26,21924168.0
World,2022-02-02,18698385.0
World,2022-02-09,14661603.0
World,2022-02-16,12338125.0
World,2022-02-23,10890507.0
World,2022-03-02,11026270.0
World,2022-03-09,12012598.0
World,2022-03-16,12415397.0
World,2022-03-23,10875018.0
World,2022-03-30,8700635.0
World,2022-04-06,7211434.0
